numero,fecha,tipo,quien_lo_cometio,quien_lo_atrapo,tiempo_hasta_detectarlo,altero_conclusion,resumen,fuente,justificacion_tipo
1,2026-09-15,criterio,no_determinable,no_determinable,despues_de_la_serie,no,2H: α se derivó de tasas por visita pero el criterio se escribió en conteos; la refutación salió por conteo.,registro/REGISTRO_etapas_1_2.md:41,Unidades del criterio distintas de las de la predicción.
2,2026-09-16,criterio,no_determinable,no_determinable,despues_de_la_serie,no,2I: el consumo absoluto de A cayó por disponibilidad; el criterio pasó a tasa por visita tras ver datos.,registro/REGISTRO_etapas_1_2.md:83,"El criterio medía disponibilidad del mundo, no conservación de lo aprendido."
3,2026-09-16,instrumento,no_determinable,no_determinable,despues_de_la_serie,no,"ANOM-01: la serie de la 'semilla 1' era la de la semilla 12, por aliasing de una lista mutable.",registro/REGISTRO_etapas_1_2.md:85,Aliasing en el código de registro produjo una serie falsa.
4,2026-09-16,otro,coordinador,coordinador,despues_de_la_serie,no,"2K: la predicción se refutó por un error aritmético propio: el techo por canal es 9, no 3.",registro/REGISTRO_etapas_1_2.md:93,Error aritmético en una predicción; no es de medida ni de criterio.
5,2026-09-15,instrumento,coordinador,coordinador,dias,si,El registro afirmaba 'divisiones = 0 en etapas normales'; la batería no medía splits y E2/E2K sí dividían.,registro/REGISTRO_etapas_1_2.md:172,"Dato sin medición, residuo probable de una corrida con el import equivocado."
6,2026-09-15,generalizacion_indebida_del_criterio,coordinador,coordinador,despues_de_la_serie,no,El criterio splits==0 en E2I suponía que no había solapamiento; la semilla 15 dividió y v7 no se congeló.,registro/REGISTRO_etapas_1_2.md:227,El registro (línea 333) lo nombra generalización indebida al redactar el criterio.
7,2026-09-15,instrumento,no_determinable,no_determinable,despues_de_la_serie,no,Patrón nulo 000000: argsort desempata por índice y le fija el mismo código en las 20 semillas.,registro/REGISTRO_etapas_1_2.md:428,"Artefacto del cálculo (argsort sobre empates), no del organismo."
8,2026-09-15,generalizacion_indebida_del_criterio,coordinador,arnes,antes_de_la_serie,no,"El criterio v2 leía el solapamiento final y no el inicial, y exigía divisiones tardías también en E2L.",registro/REGISTRO_etapas_1_2.md:312,"El registro: misma raíz que ERR-06, suponer que todas las etapas se comportan igual."
9,2026-09-15,instrumento,no_determinable,coordinador,despues_de_la_serie,si,La comprobación de inercia comparaba dicts que incluían la clave lam: daba False siempre; P2 salió refutada por construcción.,registro/REGISTRO_etapas_1_2.md:737,Comparación del script estructuralmente falsa.
10,2026-09-15,generalizacion_indebida_del_criterio,coordinador,coordinador,despues_de_la_serie,no,'Sin conflicto' se definió como solapamiento espacial final: ignoraba el conflicto temporal y leía el código final.,registro/REGISTRO_etapas_1_2.md:761,El registro le asigna la misma raíz que ERR-06/08.
11,2026-09-15,criterio,coordinador,coordinador,despues_de_la_serie,no,"La medida de ahorro dependía sólo de W, invariante al arreglo por demostración; A1 y A5 salieron refutadas.",registro/REGISTRO_etapas_1_2.md:998,El observable era invariante por construcción: el criterio no distinguía brazos.
12,2026-09-16,criterio,coordinador,coordinador,dias,si,"La 'ley de disparo 320/320' era una identidad del código, y 'con solapamiento 0 no dispara' era falso.",registro/REGISTRO_etapas_1_2.md:1384,Una concordancia citada como evidencia era una identidad del código.
13,2026-09-16,instrumento,no_determinable,coordinador,despues_de_la_serie,si,El comparador de 3T comparaba texto JSON (0.0 ≠ -0.0); por eso la primera corrida dio NO.,registro/REGISTRO_etapas_1_2.md:1518,Implementación del comparador más estricta que el criterio escrito.
14,2026-09-16,criterio,no_determinable,coordinador,despues_de_la_serie,no,La banda de validación de F1 era más estrecha que el ruido de Poisson y decidió un veredicto.,registro/REGISTRO_etapas_1_2.md:1711,Criterio de validación escrito sin el ruido de muestreo.
15,2026-09-16,criterio,coordinador,coordinador,misma_sesion,si,Dos afirmaciones propias eran falsas: azar 5 % (era 9.2 %) y 'se estaciona' (eran llegadas repetidas).,registro/REGISTRO_etapas_1_2.md:1780,Línea base de comparación mal puesta (el registro la llama así).
16,2026-09-16,criterio,no_determinable,no_determinable,despues_de_la_serie,no,El control C2 (τ=1) era un no-op por construcción; 'pasó' M6 sin evidencia.,registro/REGISTRO_etapas_1_2.md:1879,Control que no podía fallar por construcción.
17,2026-09-16,criterio,coordinador,coordinador,despues_de_la_serie,no,"Tres subcriterios de Q3 mal escritos: empates contados como fallo, umbral contra el prior y tolerancia cero.",registro/REGISTRO_etapas_1_2.md:2247,Criterios imposibles por construcción o más estrechos que el ruido.
18,2026-09-16,criterio,no_determinable,no_determinable,misma_sesion,no,El evaluador de JUACO-EVO era explotable: una mutación ciega subió la energía tras morir sin aprender.,registro/REGISTRO_etapas_1_2.md:2291,"El criterio de selección premiaba constantes de constitución, no aprendizaje."
19,2026-09-17,instrumento,no_determinable,no_determinable,misma_sesion,no,selecciona.py comparaba el SEC del hijo con el del padre medido contra el abuelo: ganaba una mutación nula.,registro/REGISTRO_etapas_1_2.md:2325,Error de contabilidad en el script selector.
20,2026-09-17,criterio,no_determinable,director,dias,si,La Etapa 3 se cerró sin batería: v11 se congeló y la generalización quedó reabierta sin aviso.,registro/REGISTRO_etapas_1_2.md:2524,La cobertura del examen de congelación omitía una etapa cerrada.
21,2026-09-17,generalizacion_indebida_del_criterio,no_determinable,no_determinable,despues_de_la_serie,no,El control negativo del examen v3 suponía una sola vía; con las dos vías de v13 quedaba inválido.,registro/REGISTRO_etapas_1_2.md:2688,Control escrito para una arquitectura y aplicado a otra de dos vías.
22,2026-09-17,generalizacion_indebida_del_criterio,no_determinable,no_determinable,despues_de_la_serie,no,La identidad KT2 (C2b ≡ C1) suponía una sola vía y no aplica a v13.,registro/REGISTRO_etapas_1_2.md:2772,Identidad de una vía aplicada a un organismo de dos vías.
23,2026-09-17,instrumento,coordinador,coordinador,despues_de_la_serie,no,N3: canal simétrico (el emisor escuchaba al ciego) y acierto sin balancear que premiaba no comer.,registro/REGISTRO_etapas_1_2.md:3106,Montaje del canal; el registro lo titula 'instrumento y medida'.
24,2026-09-17,criterio,no_determinable,no_determinable,despues_de_la_serie,no,El control SINCOMIDA del mapa no fija su n efectivo: puede pasar o fallar por azar.,registro/REGISTRO_etapas_1_2.md:3494,"Control mal especificado (registro: 'control, no organismo')."
25,2026-09-18,otro,no_determinable,creador,dias,no,La puerta de familiaridad de v13 no distingue 'no aprendido' de 'cancelado'; riesgo no discutido al diseñar.,registro/REGISTRO_etapas_1_2.md:3710,"Defecto de diseño del organismo congelado, no del protocolo de medida."
26,2026-09-18,criterio,creador,auditor,despues_de_la_serie,no,La enmienda de B-1 bajó P1 de 18/20 a 14/20 entre dos series sin ERR; resultó inerte.,registro/REGISTRO_etapas_1_2.md:3925,Rebaja del umbral de aprobación entre series sin numerarla.
27,2026-09-18,criterio,creador,auditor,despues_de_la_serie,si,La forma relativa de P4' se decidió mirando los datos de 41–60; esa serie pasó a retroactiva.,registro/REGISTRO_etapas_1_2.md:3929,Criterio escrito tras ver datos de la misma serie.
28,2026-09-18,instrumento,no_determinable,creador,dias,no,La copia experimentos/v13_dos_vias/organismo_v13.py no es el tronco (otros defaults); trampa latente sin consecuencia.,registro/REGISTRO_etapas_1_2.md:3977,"Copia del organismo con otros valores por defecto, importable por error."
29,2026-09-18,instrumento,no_determinable,creador,despues_de_la_serie,no,corre_baterias_v13D guardaba ON y OFF bajo la misma clave; el veredicto no cambió.,registro/REGISTRO_etapas_1_2.md:4043,Colisión de claves en el JSON del runner.
30,2026-09-18,generalizacion_indebida_del_criterio,no_determinable,humo,antes_de_la_serie,no,"El criterio 5 (reducir a v11 apagando dos perillas) no podía medir a v13E, que actúa en la boca.",registro/REGISTRO_etapas_1_2.md:4051,Identidad escrita para órganos previos aplicada a un órgano en otro sitio.
31,2026-09-18,instrumento,no_determinable,no_determinable,despues_de_la_serie,no,"El runner de v13E decidía E2 con los umbrales de la batería, no con los preregistrados.",registro/REGISTRO_etapas_1_2.md:4116,El runner leía umbrales equivocados.
32,2026-09-18,instrumento,no_determinable,creador,antes_de_la_serie,no,N3d: los receptores 'ciegos' no podían aprender nada propio por construcción; medía obediencia.,registro/REGISTRO_etapas_1_2.md:4400,Error de montaje del mundo social (registro: 'montaje').
33,2026-09-18,instrumento,no_determinable,creador,dias,no,Mundo._reaparece sorteaba entre todos los tipos: regen_rota descartaba tipos_fijos.,registro/REGISTRO_etapas_1_2.md:4508,Defecto de código del mundo social (registro: instrumento).
34,2026-09-18,instrumento,no_determinable,creador,dias,no,spawn() consumía 'fijos' en orden: SOLO_R y CONV de N3d se midieron sobre objetos distintos; efecto medido cero.,registro/REGISTRO_etapas_1_2.md:4509,Defecto de código que cambiaba el conjunto de objetos entre brazos.
35,2026-09-18,criterio,no_determinable,creador,dias,no,El criterio de parada de XOR (0.75 con 8 patrones) exigía adivinar; el director lo reformula tras ver datos.,registro/REGISTRO_etapas_1_2.md:4559,Criterio insatisfacible por el examen; se reformula con número tras ver datos.
36,2026-09-18,instrumento,no_determinable,no_determinable,despues_de_la_serie,no,El runner de N6 no guardó curva_rec; la predicción no pudo calcularse.,registro/REGISTRO_etapas_1_2.md:4597,El runner no guardó un dato necesario (registro: instrumento).
37,2026-09-18,criterio,creador,creador,despues_de_la_serie,no,"Tres errores de medida: umbral pareado en la mediana, muertes pareadas por semilla y máximo sobre 40 lecturas.",experimentos/nivel11_mundo_vivo/PREREGISTRO_mundo_vivo.md:285,Umbrales y agregaciones que no medían el efecto.
38,2026-09-18,instrumento,creador,coordinador,despues_de_la_serie,si,La batería de generalización copiada para v15c/v15d omitió eta_s/clip_s; G1/G2 se anularon: sí generalizan.,registro/REGISTRO_etapas_1_2.md:4811,Copia de batería con parámetros perdidos produjo números falsos.
39,2026-09-18,criterio,creador,humo,antes_de_la_serie,no,El control de Occam CUELLO estaba mal escrito y no era la alternativa fuerte; el humo lo mostró.,experimentos/nivel11_mundo_vivo/PREREGISTRO_reproduccion.md:270,Control de paja que no podía ganar honestamente.
40,2026-09-18,criterio,creador,no_determinable,despues_de_la_serie,no,La medida 'descendientes' por ventana de viabilidad premiaba atracones que morían más; se descartó.,experimentos/nivel11_mundo_vivo/PREREGISTRO_reproduccion_2.md:12,Medida no ligada a la supervivencia: premiaba morir.
41,2026-09-18,instrumento,creador,creador,despues_de_la_serie,si,"El mundo de regla (V2b) de v15c/v15d corrió con kwargs tipo v13, no v14.1; veredictos releídos.",registro/REGISTRO_etapas_1_2.md:4988,El runner pasaba argumentos incompletos al organismo.
42,2026-09-18,instrumento,creador,creador,despues_de_la_serie,no,La batería copiada calculaba un sha con una ruta inexistente: excepción tras el veredicto y JSON perdido.,registro/REGISTRO_etapas_1_2.md:4992,Ruta mal copiada en la batería; se perdió el JSON.
43,2026-09-18,instrumento,creador,coordinador,despues_de_la_serie,no,El runner de v15e leyó el conteo K como mediana de azar y declaró 'V2a NO'.,registro/REGISTRO_etapas_1_2.md:5027,Lectura del log por el runner con regex equivocada.
44,2026-09-18,generalizacion_indebida_del_criterio,no_determinable,coordinador,despues_de_la_serie,no,El subcriterio E1 'veneno Q4 < Q1' no distingue aprender de un golpe de no aprender.,registro/REGISTRO_etapas_1_2.md:5146,Subcriterio pensado para aprendizaje gradual aplicado a quien aprende de golpe.
45,2026-09-18,criterio,no_determinable,creador,antes_de_la_serie,no,La cláusula 'alias < 1 % escalando NK/K' era insatisfacible con D = 12; el alias pasa a declararse.,registro/REGISTRO_etapas_1_2.md:5154,"Cláusula imposible de cumplir, hallada por cálculo."
46,2026-09-18,criterio,creador,creador,despues_de_la_serie,no,La medida del colateral del bloque 1 no separaba 'aprende a costa de hermanos' de 'no aprende'.,experimentos/nivel12_mundo_familias/PREREGISTRO_bloque1_familias_enm1.md:1,Medida que no distinguía las hipótesis; enmienda tras la serie.
47,2026-09-18,otro,creador,humo,antes_de_la_serie,no,dureza = 12 salió fuera de banda en el humo: la derivación ignoraba la tasa de la boca.,experimentos/nivel12_mundo_familias/PREREGISTRO_bloque1_familias_enm1.md:233,"Error de derivación de un parámetro del mundo, no de la medida."
48,2026-09-18,criterio,creador,humo,antes_de_la_serie,no,La medida de daño colateral respondía a la tendencia global de aprendizaje; corregida con diferencia en diferencias.,experimentos/nivel12_mundo_familias/PREREGISTRO_bloque1_familias_enm1.md:257,Medida confundida con una tendencia.
49,2026-09-18,criterio,creador,creador,antes_de_la_serie,no,colateral_n con una sola ventana válida es ruido; se exige n_valida ≥ 2.,experimentos/nivel12_mundo_familias/PREREGISTRO_bloque1_familias_enm1.md:359,Medida definida sin muestra mínima.
50,2026-09-18,otro,no_determinable,no_determinable,no_determinable,no_determinable,"Reserva de la corrección única del bloque 4, ejecutada como PARAR al caer P-I2.",registro/REGISTRO_etapas_1_2.md:5273,Número de una cláusula de parada; el error de montaje es ERR-51.
51,2026-09-18,instrumento,creador,humo,despues_de_la_serie,no,Bloque 4: el emisor compartía el punto ciego del receptor y no emitía en la dirección (−).,experimentos/nivel12_mundo_familias/PREREGISTRO_bloque4b_emisor.md:19,Error de montaje del experimento (preregistro: 'montaje del emisor').
52,2026-09-18,criterio,no_determinable,no_determinable,despues_de_la_serie,no,"La puerta P-I3 del bloque 4b incluía OTRO (R-SIN-SAL), cuyo gemelo no es CORTADO.",registro/REGISTRO_etapas_1_2.md:5283,Puerta de validez mal especificada.
53,2026-09-18,criterio,no_determinable,no_determinable,despues_de_la_serie,no,Las dos direcciones del mensaje tienen puntos ciegos distintos: hacen falta puertas por dirección.,registro/REGISTRO_etapas_1_2.md:5304,Puertas compartidas donde hacían falta puertas separadas.
54,2026-09-18,instrumento,no_determinable,no_determinable,despues_de_la_serie,no,El análisis del runner cayó por KeyError; el veredicto salió de los crudos guardados antes.,registro/REGISTRO_etapas_1_2.md:5311,"Fallo del runner en el análisis, mitigado guardando crudos."
55,no_determinable,no encontrado,no_determinable,no_determinable,no_determinable,no_determinable,Número sin uso en el árbol ni en las ramas.,no_determinable,No aparece como ERR usado en ninguna parte.
56,no_determinable,no encontrado,no_determinable,no_determinable,no_determinable,no_determinable,Número sin uso en el árbol ni en las ramas.,no_determinable,No aparece como ERR usado en ninguna parte.
57,no_determinable,no encontrado,no_determinable,no_determinable,no_determinable,no_determinable,Número sin uso en el árbol ni en las ramas.,no_determinable,No aparece como ERR usado en ninguna parte.
58,no_determinable,no encontrado,no_determinable,no_determinable,no_determinable,no_determinable,Número sin uso en el árbol ni en las ramas.,no_determinable,No aparece como ERR usado en ninguna parte.
59,no_determinable,no encontrado,no_determinable,no_determinable,no_determinable,no_determinable,Número sin uso en el árbol ni en las ramas.,no_determinable,No aparece como ERR usado en ninguna parte.
60,2026-09-18,instrumento,coordinador,creador,antes_de_la_serie,no,La fórmula de rng de los hijos del encargo colisionaba entre semillas vecinas; se corrigió antes de medir.,experimentos/nivel11_mundo_vivo/PREREGISTRO_h1_muerte.md:65,Defecto en la generación de semillas del instrumento.
61,2026-09-18,generalizacion_indebida_del_criterio,coordinador,creador,antes_de_la_serie,no,"El encargo pedía una puerta pareada para R₀, integral de trayectoria; decide A₁₂ sin parear.",experimentos/nivel11_mundo_vivo/PREREGISTRO_h1_muerte.md:130,Pareo por semilla (válido en lo aprendido) extendido a trayectorias.
62,2026-09-18,otro,no_determinable,no_determinable,no_determinable,no_determinable,Cláusula de cierre de H-1 ejecutada: este mundo no sostiene linajes mortales con ninguna herencia.,registro/REGISTRO_etapas_1_2.md:5349,"Conclusión preregistrada con número, no un error."
63,2026-09-18,instrumento,no_determinable,creador,despues_de_la_serie,no,El cruce cod0 de los bloques 4 y 4b saltaba todas las filas: su 'IDÉNTICO' no comparaba nada.,experimentos/nivel12_mundo_familias/PREREGISTRO_bloque5_ganadoras.md:370,Comprobación de identidad vacía por un campo faltante.
64,2026-09-18,instrumento,no_determinable,arnes,antes_de_la_serie,no,"El control de no-vacuidad del arnés corría a T 30 000, antes del mensaje; sube a 60 000.",experimentos/nivel12_mundo_familias/PREREGISTRO_bloque5_ganadoras.md:372,Parámetro mal fijado en un control del arnés.
65,no_determinable,no encontrado,no_determinable,no_determinable,no_determinable,no_determinable,Número sin uso en el árbol ni en las ramas.,no_determinable,No aparece como ERR usado en ninguna parte.
66,no_determinable,no encontrado,no_determinable,no_determinable,no_determinable,no_determinable,Número sin uso en el árbol ni en las ramas.,no_determinable,No aparece como ERR usado en ninguna parte.
67,no_determinable,no encontrado,no_determinable,no_determinable,no_determinable,no_determinable,Número sin uso en el árbol ni en las ramas.,no_determinable,No aparece como ERR usado en ninguna parte.
68,no_determinable,no encontrado,no_determinable,no_determinable,no_determinable,no_determinable,Número sin uso en el árbol ni en las ramas.,no_determinable,No aparece como ERR usado en ninguna parte.
69,no_determinable,no encontrado,no_determinable,no_determinable,no_determinable,no_determinable,Número sin uso en el árbol ni en las ramas.,no_determinable,No aparece como ERR usado en ninguna parte.
70,2026-09-18,criterio,no_determinable,creador,despues_de_la_serie,no,La puerta P-I4 todo-o-nada caía por ruido; pasa a exclusión por semilla antes de la serie siguiente.,experimentos/nivel12_mundo_familias/PREREGISTRO_bloque6_sufijo.md:366,Forma de una puerta cambiada con número antes de la serie.
71,2026-09-18,instrumento,creador,arnes,antes_de_la_serie,no,El caso (d) del arnés comprobaba la dirección pasando por el emisor; la guarda paró en 30/33.,experimentos/nivel12_mundo_familias/PREREGISTRO_bloque6_sufijo.md:391,Caso de identidad del arnés mal diseñado.
72,no_determinable,no encontrado,no_determinable,no_determinable,no_determinable,no_determinable,Número sin uso en el árbol ni en las ramas.,no_determinable,No aparece como ERR usado en ninguna parte.
73,no_determinable,no encontrado,no_determinable,no_determinable,no_determinable,no_determinable,Número sin uso en el árbol ni en las ramas.,no_determinable,No aparece como ERR usado en ninguna parte.
74,no_determinable,no encontrado,no_determinable,no_determinable,no_determinable,no_determinable,Número sin uso en el árbol ni en las ramas.,no_determinable,No aparece como ERR usado en ninguna parte.
75,no_determinable,no encontrado,no_determinable,no_determinable,no_determinable,no_determinable,Número sin uso en el árbol ni en las ramas.,no_determinable,No aparece como ERR usado en ninguna parte.
76,no_determinable,no encontrado,no_determinable,no_determinable,no_determinable,no_determinable,Número sin uso en el árbol ni en las ramas.,no_determinable,No aparece como ERR usado en ninguna parte.
77,no_determinable,no encontrado,no_determinable,no_determinable,no_determinable,no_determinable,Número sin uso en el árbol ni en las ramas.,no_determinable,No aparece como ERR usado en ninguna parte.
78,no_determinable,no encontrado,no_determinable,no_determinable,no_determinable,no_determinable,Número sin uso en el árbol ni en las ramas.,no_determinable,No aparece como ERR usado en ninguna parte.
79,no_determinable,no encontrado,no_determinable,no_determinable,no_determinable,no_determinable,Número sin uso en el árbol ni en las ramas.,no_determinable,No aparece como ERR usado en ninguna parte.
80,2026-09-18,otro,no_determinable,no_determinable,no_determinable,no_determinable,Reserva condicional del bloque ALMA: ampliar el menú de curitas tras ver datos. Sin constancia de uso.,experimentos/nivel13_alma/PREREGISTRO_alma.md:135,"Reserva preventiva, no un error ocurrido."
81,2026-09-18,otro,no_determinable,no_determinable,no_determinable,no_determinable,Reserva condicional del bloque ALMA: correr sin el control BARAJA-NODO. Sin constancia de uso.,experimentos/nivel13_alma/PREREGISTRO_alma.md:137,"Reserva preventiva, no un error ocurrido."
82,2026-09-18,otro,no_determinable,no_determinable,no_determinable,no_determinable,Reserva condicional del bloque ALMA: recalibrar una puerta tras ver la serie. Sin constancia de uso.,experimentos/nivel13_alma/PREREGISTRO_alma.md:138,"Reserva preventiva, no un error ocurrido."
83,2026-09-18,otro,no_determinable,no_determinable,no_determinable,no_determinable,Reserva para la cláusula de cierre del bloque ALMA; el registro no la cita como ejecutada.,experimentos/nivel13_alma/PREREGISTRO_alma.md:139,"Reserva de cláusula de cierre, no un error."
84,2026-09-18,instrumento,no_determinable,no_determinable,despues_de_la_serie,no,En un linaje del bloque ALMA no se aplicaron las respuestas con caracteres no ASCII.,registro/REGISTRO_etapas_1_2.md:5424,Defecto de codificación en el buzón del instrumento.
85,2026-09-19,fabricacion_o_fuera_de_mandato,agente_externo,no_determinable,misma_sesion,no,Un agente de otro proyecto mató procesos python sin verificar el comando y tumbó dos corridas.,registro/HANDOFF.md:821,Un agente ajeno actuó fuera de su mandato sobre procesos del proyecto.
86,2026-09-19,concurrencia,no_determinable,no_determinable,misma_sesion,no,Pool(14) con otras corridas en curso dio BrokenPipeError en Windows.,registro/HANDOFF.md:823,Choque de procesos paralelos por recursos compartidos.
87,2026-09-18,instrumento,no_determinable,agente_externo,despues_de_la_serie,no,lee_json por startswith en los runners v13D/v13E leía el JSON de la ON como referencia.,experimentos/nivel7_hija_dispersa/HALLAZGO_auditoria_ERR29.md:1,Lectura de archivos por un prefijo ambiguo en el runner.
88,2026-09-21,instrumento,creador,creador,dias,si,La perilla 'dentro' de A1 era código muerto; se había declarado inerte el mecanismo.,registro/REGISTRO_etapas_1_2.md:5537,Registro: 'Causa: instrumento' (perilla no conectada).
89,2026-09-21,instrumento,creador,cronista,despues_de_la_serie,no,La puerta R6 preregistrada de BA no la calculaba ni la imprimía el runner.,registro/REGISTRO_etapas_1_2.md:5587,Registro: 'Causa: instrumento (puerta preregistrada sin juez)'.
90,2026-09-21,criterio,no_determinable,no_determinable,despues_de_la_serie,no,"Las puertas R2–R4, relativas a CORTADO, endurecían el umbral a quien bajaba la base.",experimentos/nivel05_familia_variante_BAv/PREREGISTRO_bav.md:49,Registro: 'Causa: criterio (la forma de la puerta)'.
91,2026-09-21,criterio,no_determinable,creador,dias,no,El criterio de tronco v2 nunca corrió su control negativo: el tronco contra sí mismo no entraba.,registro/REGISTRO_etapas_1_2.md:5757,Umbral puesto en el valor de la hipótesis nula (registro: criterio).
92,2026-09-21,criterio,no_determinable,cronista,despues_de_la_serie,no,El rango del ancla F9-1 se calibró con dos series; la variación del propio tronco no cabía.,registro/REGISTRO_etapas_1_2.md:5773,Registro: 'Causa: criterio' (ancla calibrada con pocas series).
93,2026-09-21,criterio,creador,no_determinable,despues_de_la_serie,no,F9-4 puntuaba al control con un acierto sin balancear; también cambian el ancla y F9-7.,experimentos/nivel09_cuerpo_nuevo_b2/PREREGISTRO_bloque2.md:18,Acierto sin balancear en una puerta; cambios de letra numerados.
94,2026-09-22,criterio,creador,no_determinable,despues_de_la_serie,no,El criterio de tronco v3 no repitió su calibración: se retira y se escribe v4.,registro/CRITERIO_TRONCO_v4.md:1,El criterio falló su propia calibración y se reemplaza con número.
95,2026-09-22,criterio,no_determinable,auditor,antes_de_la_serie,no,La Enmienda 1 de la carrera cambió escala y predicción después de ver el humo sin escalar.,experimentos/carrera_escuderias/REGLAMENTO.md:86,Criterio y predicción cambiados tras ver datos.
96,2026-09-22,instrumento,no_determinable,auditor,antes_de_la_serie,no,Telemetría falsificable: un carro podía pisar 'descendientes' y fabricar su R0.,experimentos/carrera_escuderias/REGLAMENTO.md:88,El juez aceptaba datos del carro sin filtrar.
97,2026-09-22,otro,no_determinable,no_determinable,misma_sesion,si,El motivo escrito de la Enmienda 1 ('la causa fue la escasez') no se sostenía con el SOLO.,experimentos/carrera_escuderias/REGLAMENTO.md:94,Justificación causal escrita que los datos contradicen.
98,2026-09-22,instrumento,no_determinable,humo,antes_de_la_serie,no,La escala de la Enmienda 1 estaba incompleta (olvido sin escalar por N); el humo refutó la predicción.,experimentos/carrera_escuderias/REGLAMENTO.md:103,Parámetro del mundo sin escalar en la pista.
99,2026-09-22,criterio,no_determinable,creador,antes_de_la_serie,no,R0 = descendientes/(muertes+1) se degenera cuando un cuerpo casi no muere.,experimentos/carrera_escuderias/REGLAMENTO.md:243,Métrica degenerada en un régimen previsible.
100,2026-09-22,criterio,no_determinable,auditor,despues_de_la_serie,si,"R0 contaba hijos no nacidos en cola: con nacimientos reales la mediana es 0.941, no 1.565.",experimentos/carrera_escuderias/REGLAMENTO.md:172,La definición de la métrica inflaba el resultado.
101,2026-09-22,instrumento,no_determinable,creador,despues_de_la_serie,no,La memoria del linaje de O1 sobrevivía a la extinción; un control la descartó como causa.,experimentos/carrera_escuderias/REGLAMENTO.md:178,Estado no borrado en el instrumento al poner un fundador.
102,2026-09-22,criterio,no_determinable,creador,antes_de_la_serie,no,"Con un cuerpo por linaje, R0 real premia morir; se añade PERSISTENCIA como criterio.",experimentos/carrera_escuderias/REGLAMENTO.md:116,Métrica que se optimiza muriendo.
103,2026-09-22,instrumento,no_determinable,no_determinable,despues_de_la_serie,no,El clasificador físico de muertes voluntarias no discrimina; queda como reserva sin corregir.,registro/REGISTRO_etapas_1_2.md:6375,Clasificador del instrumento que no mide lo que dice.
104,2026-09-22,instrumento,no_determinable,creador,despues_de_la_serie,si,El mundo v1 reponía al instante lo mordido: limpiar fabricaba comida. Reserva sobre el primer cruce de H-1.,registro/REGISTRO_etapas_1_2.md:6383,Una propiedad del mundo inflaba el flujo de comida.
105,2026-09-22,criterio,agente_externo,creador,antes_de_la_serie,no,M10-2 sesgada contra la acumulación: el fundador nace con dote y vive ~6× más.,registro/REGISTRO_etapas_1_2.md:6120,Medida sesgada por construcción.
106,2026-09-22,criterio,agente_externo,creador,antes_de_la_serie,no,"M10-3 medía 'leer el nodo', no 'acumular por el cambio'.",registro/REGISTRO_etapas_1_2.md:6121,Medida que no mide lo que dice.
107,2026-09-22,criterio,agente_externo,creador,antes_de_la_serie,no,La cobertura de M10-2 salía degenerada (mediana 0 en 4 de 12 corridas).,registro/REGISTRO_etapas_1_2.md:6122,Definición de medida degenerada.
108,2026-09-22,criterio,agente_externo,creador,antes_de_la_serie,no,cob_s acierta el signo por azar (~0.5); se lee cob_c contra el nulo.,registro/REGISTRO_etapas_1_2.md:6123,Medida que no distingue saber de azar.
109,2026-09-22,generalizacion_indebida_del_criterio,agente_externo,creador,antes_de_la_serie,no,La calibración externa de F1 se importó sin volver a medir su ancla en el instrumento del repo.,registro/REGISTRO_etapas_1_2.md:6124,Calibración de un instrumento trasladada a otro sin volver a medir.
110,2026-09-22,criterio,agente_externo,creador,antes_de_la_serie,no,"La Enmienda 1 recalibró tras ver caer V-6 en el humo, y el ancla no se conserva.",registro/REGISTRO_etapas_1_2.md:6125,Recalibración tras ver datos que no conserva el ancla.
111,2026-09-22,otro,creador,auditor,despues_de_la_serie,no,El informe del creador no traía el veredicto final actualizado; lo completó el coordinador.,registro/REGISTRO_etapas_1_2.md:6291,"Omisión en el informe, no en la medida ni en el criterio."
112,2026-09-22,instrumento,no_determinable,auditor,despues_de_la_serie,no,El runner imprimía la predicción P3 de la v1 en lugar de la Q3 de la v2.,registro/REGISTRO_etapas_1_2.md:6292,Registro: 'defecto del instrumento'.
113,2026-09-22,instrumento,no_determinable,auditor,despues_de_la_serie,no,--elige no archivaba su salida; el auditor reconstruyó la regla a mano.,registro/REGISTRO_etapas_1_2.md:6293,La herramienta no dejaba rastro de su salida.
114,2026-09-23,criterio,creador,auditor,antes_de_la_serie,no,La Enmienda 1 de subida_n9 fijó el tope de V-M en 0.10 tras ver el humo.,registro/REGISTRO_etapas_1_2.md:6421,Umbral movido tras ver un dato (regla 11).
115,2026-09-23,fabricacion_o_fuera_de_mandato,auditor,no_determinable,misma_sesion,no,Un auditor corrió un runner con --help y lanzó una serie real con Pool (abortada).,registro/REGISTRO_etapas_1_2.md:6422,Un agente de sólo lectura ejecutó una serie; el runner no rechazaba banderas.
116,2026-09-23,criterio,no_determinable,no_determinable,despues_de_la_serie,no,El ancla V-ANCLA y P1 se fijaron sin calibrar FABRICA sin canal; el valor real era 0.110.,registro/REGISTRO_etapas_1_2.md:6441,Ancla fijada sin calibrar; la serie no se lee.
117,2026-09-23,instrumento,no_determinable,creador,dias,si,"El rodeo obligado del 21-sep usaba una muralla de una fila en un toro, que no lo parte.",registro/REGISTRO_etapas_1_2.md:6520,El montaje del mundo no hacía la prueba que decía.
118,2026-09-23,criterio,no_determinable,no_determinable,despues_de_la_serie,no_determinable,"'Persiste el carro' mide cuánto ganan los descendientes a fundadores repuestos, no la calidad del linaje.",registro/REGISTRO_etapas_1_2.md:6527,Registro: '(criterio)'.
119,2026-09-23,criterio,creador,auditor,antes_de_la_serie,no,"La Enmienda 1 de v14.3 movió el ancla V-ANCLA-1 tras el humo, sin leer los crudos previos.",registro/REGISTRO_etapas_1_2.md:6556,Umbral movido tras ver un dato (regla 11).
120,2026-09-23,instrumento,no_determinable,auditor,antes_de_la_serie,no,El humo de ECO lo había escrito una versión anterior del juez: el camino de P3 nunca había corrido.,registro/REGISTRO_etapas_1_2.md:6621,Humo desfasado que no ejercitaba el código de la serie.
121,2026-09-23,criterio,no_determinable,auditor,antes_de_la_serie,no,P3c (AZAR gana el juez) se calculaba pero no decidía; ahora da NO EVALUABLE.,registro/REGISTRO_etapas_1_2.md:6622,Condición de validez que no decidía el veredicto.
122,2026-09-23,criterio,no_determinable,no_determinable,antes_de_la_serie,no,La banda de azar G2 de T-B era estrecha: el tronco contra sí mismo la fallaba; el director la corrige.,experimentos/tronco_v14_3_examen/PREREGISTRO_examen_v143.md:9,Banda del criterio fijada sin el nulo real.
123,2026-09-24,criterio,creador,auditor,antes_de_la_serie,no,"La medida D de endosimbiosis cambió de forma tras los humos de práctica, sin ERR.",experimentos/organelos/darwin/PREREGISTRO_endosimbiosis.md:104,Cambio de forma del criterio tras ver humos (regla 11).
124,2026-09-24,criterio,creador,auditor,antes_de_la_serie,no,"Tres desviaciones del paquete Cruce cambiaron diseño, patas y umbral del arnés tras el humo.",experimentos/organelos/cruce/PREREGISTRO_cruce.md:154,Cambios de forma o de umbral del criterio tras ver humo.
125,2026-09-24,criterio,creador,auditor,antes_de_la_serie,no,Gramática: se quitó 'olvidar' del alfabeto y P5 cambió de forma tras el humo.,experimentos/organelos/gramatica/PREREGISTRO_gramatica.md:27,Cambios de letra tras el humo (regla 11).
126,2026-09-24,instrumento,creador,arnes,antes_de_la_serie,no,El arnés de Ohno no ejercitaba la duplicación en el mundo pobre (8/10); umbral O1b rebajado.,experimentos/organelos/ohno/PREREGISTRO_ohno.md:153,Arnés que no ejercitaba la rama que importa.
127,no_determinable,no encontrado,no_determinable,no_determinable,no_determinable,no_determinable,Número sin uso en el árbol ni en las ramas.,registro/REGISTRO_etapas_1_2.md:6750,No aparece como ERR usado en ninguna parte.
128,no_determinable,no encontrado,no_determinable,no_determinable,no_determinable,no_determinable,Número sin uso en el árbol ni en las ramas.,registro/REGISTRO_etapas_1_2.md:6750,No aparece como ERR usado en ninguna parte.
129,no_determinable,no encontrado,no_determinable,no_determinable,no_determinable,no_determinable,Número sin uso en el árbol ni en las ramas.,registro/REGISTRO_etapas_1_2.md:6750,No aparece como ERR usado en ninguna parte.
130,2026-09-25,criterio,creador,auditor,antes_de_la_serie,no,La cohorte de P2 del anfitrión cambió de forma sin ERR; sin indicio de sesgo.,experimentos/organelos/anfitrion/nube_20260924/ERR_130-132_anfitrion.md:6,Cambio de forma del criterio sin numerar (regla 11).
131,2026-09-25,fabricacion_o_fuera_de_mandato,creador,auditor,antes_de_la_serie,no,La calibración afirmaba 'ni un mundo más grande arregla el poder' sin haber variado el tamaño.,experimentos/organelos/anfitrion/nube_20260924/ERR_130-132_anfitrion.md:13,Afirmación sin la medición que la respalde.
132,2026-09-25,instrumento,creador,auditor,antes_de_la_serie,no,"La sanción del anfitrión leía una tabla por letra, no el ΔS de la mordida; equivalente en este mundo.",experimentos/organelos/anfitrion/nube_20260924/ERR_130-132_anfitrion.md:18,La implementación usa una tabla en vez del efecto medido.
133,2026-09-25,criterio,creador,auditor,antes_de_la_serie,no,Bajo el quimiostato R0 ≈ 1 para toda población: un NO en G1 no distingue.,experimentos/organelos/ohno/nube_20260925/ERR_133-134_ohno.md:6,Medida fijada por el montaje; un NO no discrimina.
134,2026-09-25,instrumento,creador,auditor,antes_de_la_serie,no,"El arnés no ejercita la duplicación con r_rep = 0.006, el valor de la serie.",experimentos/organelos/ohno/nube_20260925/ERR_133-134_ohno.md:23,Brecha de cobertura del arnés (el texto: protocolo).
135,no_determinable,no encontrado,no_determinable,no_determinable,no_determinable,no_determinable,Número sin uso en el árbol ni en las ramas.,registro/REGISTRO_etapas_1_2.md:6750,No aparece como ERR usado en ninguna parte.
136,no_determinable,no encontrado,no_determinable,no_determinable,no_determinable,no_determinable,Número sin uso en el árbol ni en las ramas.,registro/REGISTRO_etapas_1_2.md:6750,No aparece como ERR usado en ninguna parte.
137,no_determinable,no encontrado,no_determinable,no_determinable,no_determinable,no_determinable,Número sin uso en el árbol ni en las ramas.,registro/REGISTRO_etapas_1_2.md:6750,No aparece como ERR usado en ninguna parte.
138,no_determinable,no encontrado,no_determinable,no_determinable,no_determinable,no_determinable,Número sin uso en el árbol ni en las ramas.,registro/REGISTRO_etapas_1_2.md:6750,No aparece como ERR usado en ninguna parte.
139,no_determinable,no encontrado,no_determinable,no_determinable,no_determinable,no_determinable,Número sin uso en el árbol ni en las ramas.,registro/REGISTRO_etapas_1_2.md:6750,No aparece como ERR usado en ninguna parte.
140,2026-09-24,criterio,creador,humo,antes_de_la_serie,no,"CODIGO: tras el humo 1, el cambio va dentro del vivero y la recuperación se mide en nacimientos.",experimentos/organelos/codigo/PREREGISTRO_codigo.md:68,Diseño y medida cambiados tras ver el humo.
141,2026-09-24,criterio,creador,no_determinable,antes_de_la_serie,no,"Tras la exploratoria, t_rec se mide dentro del vivero y se añade QUIETO como descriptivo.",experimentos/organelos/codigo/INFORME.md:76,Medida cambiada tras ver la exploratoria.
142,2026-09-24,fabricacion_o_fuera_de_mandato,creador,auditor,antes_de_la_serie,no,El creador añadió por su cuenta una cláusula de MODESTO y cambió el runner tras el humo.,experimentos/organelos/codigo/v01/PREREGISTRO_v01.md:182,Cambio de criterio hecho sin mandato ('por su cuenta').
143,2026-09-25,criterio,nube,auditor,antes_de_la_serie,no,"P1 de H-PLANO pasó a primaria tras verla en el exploratorio, sin nulo declarado.",experimentos/organelos/ohno/hplano_nube/PREREGISTRO_hplano_w90_PC.md:100,Puerta elegida post hoc sin su nulo (regla 15).
144,2026-09-25,instrumento,creador,humo,antes_de_la_serie,no,La guardia de suministro de Prometeo medía el órgano expresado; en MUDO daba 0.,experimentos/organelos/prometeo/serie/PREREGISTRO_serie.md:97,El texto: 'error de instrumento' (la guardia medía mal).
145,no_determinable,no encontrado,no_determinable,no_determinable,no_determinable,no_determinable,Número sin uso en el árbol ni en las ramas.,experimentos/organelos/prometeo_cuerpo/PREDICCIONES_previas.md:37,No aparece como ERR usado en ninguna parte.
146,2026-09-25,instrumento,no_determinable,creador,antes_de_la_serie,no,La guardia de ERR-60 (100 000 cuerpos por linaje) sube a 1e9 en el motor de F1.,experimentos/organelos/frio/PREREGISTRO_frio.md:60,Guardia del instrumento que cortaba corridas largas legítimas.
147,2026-09-25,instrumento,creador,arnes,antes_de_la_serie,no,El caso (Q) del arnés se añadió tras el humo; su primera versión no probaba nada (45/46).,experimentos/organelos/frio/PREREGISTRO_frio.md:134,Caso de arnés mal diseñado.
148,2026-09-25,otro,creador,creador,antes_de_la_serie,no,La tabla de nulos decía que O1 cruzó 19/20 en 14301; fueron 18/20.,experimentos/organelos/frio_carrera/PREREGISTRO_frio_carrera.md:145,Errata de texto en el preregistro; no toca umbral ni código.
149,2026-09-28,instrumento,creador,arnes,antes_de_la_serie,no,El caso H del arnés contaba como herencia a los hijos de fundadores en AZA (57/59).,registro/REGISTRO_etapas_1_2.md:6991,Caso de identidad del arnés mal especificado.
150,2026-09-28,criterio,no_determinable,no_determinable,despues_de_la_serie,no,T-C (ii) contaba mordidas absolutas y castigaba comer menos; pasa a tasa por visita.,experimentos/tronco_v14_4c_examen/ERR_150.md:1,La medida del criterio no medía la reversión.
151,2026-09-28,instrumento,coordinador,arnes,antes_de_la_serie,no,El caso del arnés 'σ = 0 == F1' era imposible: muta mueve los genes enteros con z = 0.,git:origin/nube/eco-sel-largo-20260928:experimentos/organelos/eco_sel_largo/PREREGISTRO_eco_sel_largo.md:204,Caso de identidad imposible por construcción del motor.
152,2026-09-28,instrumento,no_determinable,arnes,antes_de_la_serie,no,"En motor_eco, σ = 0 no apaga la mutación de genes enteros; la perilla real es p_mut = 0.",registro/REGISTRO_etapas_1_2.md:7045,El texto: 'instrumento' (la perilla de apagado no apaga).
153,2026-09-28,instrumento,no_determinable,no_determinable,antes_de_la_serie,no,"Con vivero permanente, K no es monótono en la calidad del organismo.",registro/REGISTRO_etapas_1_2.md:7137,El texto: 'instrumento'; la medida K depende del vivero.
