numero,fecha,tipo,quien_lo_cometio,quien_lo_atrapo,tiempo_hasta_detectarlo,altero_conclusion,resumen,fuente,justificacion_tipo,clasificacion_director
49,2026-09-18,criterio,creador,creador,antes_de_la_serie,no,colateral_n con una sola ventana válida es ruido; se exige n_valida ≥ 2.,experimentos/nivel12_mundo_familias/PREREGISTRO_bloque1_familias_enm1.md:359,Medida definida sin muestra mínima.,
85,2026-09-19,fabricacion_o_fuera_de_mandato,agente_externo,no_determinable,misma_sesion,no,Un agente de otro proyecto mató procesos python sin verificar el comando y tumbó dos corridas.,registro/HANDOFF.md:821,Un agente ajeno actuó fuera de su mandato sobre procesos del proyecto.,
113,2026-09-22,instrumento,no_determinable,auditor,despues_de_la_serie,no,--elige no archivaba su salida; el auditor reconstruyó la regla a mano.,registro/REGISTRO_etapas_1_2.md:6293,La herramienta no dejaba rastro de su salida.,
38,2026-09-18,instrumento,creador,coordinador,despues_de_la_serie,si,La batería de generalización copiada para v15c/v15d omitió eta_s/clip_s; G1/G2 se anularon: sí generalizan.,registro/REGISTRO_etapas_1_2.md:4811,Copia de batería con parámetros perdidos produjo números falsos.,
104,2026-09-22,instrumento,no_determinable,creador,despues_de_la_serie,si,El mundo v1 reponía al instante lo mordido: limpiar fabricaba comida. Reserva sobre el primer cruce de H-1.,registro/REGISTRO_etapas_1_2.md:6383,Una propiedad del mundo inflaba el flujo de comida.,
70,2026-09-18,criterio,no_determinable,creador,despues_de_la_serie,no,La puerta P-I4 todo-o-nada caía por ruido; pasa a exclusión por semilla antes de la serie siguiente.,experimentos/nivel12_mundo_familias/PREREGISTRO_bloque6_sufijo.md:366,Forma de una puerta cambiada con número antes de la serie.,
19,2026-09-17,instrumento,no_determinable,no_determinable,misma_sesion,no,selecciona.py comparaba el SEC del hijo con el del padre medido contra el abuelo: ganaba una mutación nula.,registro/REGISTRO_etapas_1_2.md:2325,Error de contabilidad en el script selector.,
61,2026-09-18,generalizacion_indebida_del_criterio,coordinador,creador,antes_de_la_serie,no,"El encargo pedía una puerta pareada para R₀, integral de trayectoria; decide A₁₂ sin parear.",experimentos/nivel11_mundo_vivo/PREREGISTRO_h1_muerte.md:130,Pareo por semilla (válido en lo aprendido) extendido a trayectorias.,
31,2026-09-18,instrumento,no_determinable,no_determinable,despues_de_la_serie,no,"El runner de v13E decidía E2 con los umbrales de la batería, no con los preregistrados.",registro/REGISTRO_etapas_1_2.md:4116,El runner leía umbrales equivocados.,
95,2026-09-22,criterio,no_determinable,auditor,antes_de_la_serie,no,La Enmienda 1 de la carrera cambió escala y predicción después de ver el humo sin escalar.,experimentos/carrera_escuderias/REGLAMENTO.md:86,Criterio y predicción cambiados tras ver datos.,
47,2026-09-18,otro,creador,humo,antes_de_la_serie,no,dureza = 12 salió fuera de banda en el humo: la derivación ignoraba la tasa de la boca.,experimentos/nivel12_mundo_familias/PREREGISTRO_bloque1_familias_enm1.md:233,"Error de derivación de un parámetro del mundo, no de la medida.",
80,2026-09-18,otro,no_determinable,no_determinable,no_determinable,no_determinable,Reserva condicional del bloque ALMA: ampliar el menú de curitas tras ver datos. Sin constancia de uso.,experimentos/nivel13_alma/PREREGISTRO_alma.md:135,"Reserva preventiva, no un error ocurrido.",
123,2026-09-24,criterio,creador,auditor,antes_de_la_serie,no,"La medida D de endosimbiosis cambió de forma tras los humos de práctica, sin ERR.",experimentos/organelos/darwin/PREREGISTRO_endosimbiosis.md:104,Cambio de forma del criterio tras ver humos (regla 11).,
9,2026-09-15,instrumento,no_determinable,coordinador,despues_de_la_serie,si,La comprobación de inercia comparaba dicts que incluían la clave lam: daba False siempre; P2 salió refutada por construcción.,registro/REGISTRO_etapas_1_2.md:737,Comparación del script estructuralmente falsa.,
83,2026-09-18,otro,no_determinable,no_determinable,no_determinable,no_determinable,Reserva para la cláusula de cierre del bloque ALMA; el registro no la cita como ejecutada.,experimentos/nivel13_alma/PREREGISTRO_alma.md:139,"Reserva de cláusula de cierre, no un error.",
2,2026-09-16,criterio,no_determinable,no_determinable,despues_de_la_serie,no,2I: el consumo absoluto de A cayó por disponibilidad; el criterio pasó a tasa por visita tras ver datos.,registro/REGISTRO_etapas_1_2.md:83,"El criterio medía disponibilidad del mundo, no conservación de lo aprendido.",
40,2026-09-18,criterio,creador,no_determinable,despues_de_la_serie,no,La medida 'descendientes' por ventana de viabilidad premiaba atracones que morían más; se descartó.,experimentos/nivel11_mundo_vivo/PREREGISTRO_reproduccion_2.md:12,Medida no ligada a la supervivencia: premiaba morir.,
93,2026-09-21,criterio,creador,no_determinable,despues_de_la_serie,no,F9-4 puntuaba al control con un acierto sin balancear; también cambian el ancla y F9-7.,experimentos/nivel09_cuerpo_nuevo_b2/PREREGISTRO_bloque2.md:18,Acierto sin balancear en una puerta; cambios de letra numerados.,
94,2026-09-22,criterio,creador,no_determinable,despues_de_la_serie,no,El criterio de tronco v3 no repitió su calibración: se retira y se escribe v4.,registro/CRITERIO_TRONCO_v4.md:1,El criterio falló su propia calibración y se reemplaza con número.,
60,2026-09-18,instrumento,coordinador,creador,antes_de_la_serie,no,La fórmula de rng de los hijos del encargo colisionaba entre semillas vecinas; se corrigió antes de medir.,experimentos/nivel11_mundo_vivo/PREREGISTRO_h1_muerte.md:65,Defecto en la generación de semillas del instrumento.,
