brazo,mod,bloque,solap_AB,lam,piso,seed,n1,n3,nB,nB3,wB_ext,wB_pre,wB_post,W_A,W_B,Wp_B,Wn_B,techo_B,splits,celdas,deaths
exp2,v7g,A,0,0.05,0.0,1,19,16,293,71,0.9999991869030759,,,1.0,-3.0,0.02,3.01,0,9,39,311
exp2,v7g,A,0,0.05,0.0,2,19,23,289,67,0.9999991010454716,,,1.0,-2.99,0.04,3.03,0,11,41,296
exp2,v7g,A,0,0.05,0.0,3,19,23,329,74,0.9999999136941473,,,1.0,-3.0,0.03,3.02,0,9,39,275
exp2,v7g,A,0,0.05,0.0,4,19,23,343,82,0.9999999824210032,,,1.0,-3.0,0.02,3.01,0,6,36,293
exp2,v7g,A,0,0.05,0.0,5,19,23,315,80,0.9999994746768615,,,1.0,-3.0,0.02,3.02,0,9,39,324
exp2,v7g,A,0,0.05,0.0,6,19,24,360,77,0.997169829811617,,,1.0,-3.0,0.03,3.03,0,10,40,307
exp2,v7g,A,0,0.05,0.0,7,19,23,344,73,0.9999999948472712,,,1.0,-3.0,0.03,3.02,0,6,36,294
exp2,v7g,A,0,0.05,0.0,8,19,23,326,83,0.9999997695113746,,,1.0,-3.0,0.02,3.01,0,10,40,327
exp2,v7g,A,0,0.05,0.0,9,19,23,362,69,0.9999999989612864,,,1.0,-2.99,0.03,3.03,0,6,36,291
exp2,v7g,A,0,0.05,0.0,10,19,20,323,57,0.9999999777579993,,,1.0,-2.99,0.04,3.03,0,9,39,295
exp2,v7g,A,0,0.05,0.0,11,19,23,328,70,0.9999999659451164,,,1.0,-2.99,0.03,3.03,0,6,36,292
exp2,v7g,A,0,0.05,0.0,12,19,23,382,75,0.9999999996316513,,,1.0,-3.0,0.02,3.02,0,6,36,281
exp2,v7g,A,0,0.05,0.0,13,19,23,363,74,0.9999999975501981,,,1.0,-3.0,0.03,3.02,0,8,38,279
exp2,v7g,A,0,0.05,0.0,14,19,26,294,72,0.999999267931786,,,1.0,-2.99,0.04,3.03,0,11,41,313
exp2,v7g,A,0,0.05,0.0,15,19,23,314,70,0.9999999039748193,,,1.0,-2.99,0.03,3.03,0,9,39,313
exp2,v7g,A,0,0.05,0.0,16,19,23,381,63,0.9999999998194239,,,1.0,-2.99,0.05,3.04,0,7,37,250
exp2,v7g,A,0,0.05,0.0,17,19,19,310,67,0.9999998808899555,,,1.0,-2.99,0.03,3.02,0,9,39,292
exp2,v7g,A,0,0.05,0.0,18,19,20,309,67,0.9999998332841686,,,1.0,-2.99,0.03,3.03,0,11,41,319
exp2,v7g,A,0,0.05,0.0,19,19,23,349,60,0.9996309603557327,,,1.0,-2.99,0.08,3.07,0,10,40,322
exp2,v7g,A,0,0.05,0.0,20,19,23,349,77,0.9999999806368378,,,1.0,-3.0,0.02,3.02,0,6,36,330
exp2,v7g,A,1,0.05,0.0,1,24,22,323,67,0.9999998049845569,,,1.0,-2.99,0.04,3.03,0,10,40,325
exp2,v7g,A,1,0.05,0.0,2,24,22,293,75,0.999997261750032,,,1.0,-3.0,0.02,3.02,0,10,40,351
exp2,v7g,A,1,0.05,0.0,3,57,25,250,65,0.9987265734824927,,,1.0,-2.99,0.05,3.04,0,17,47,350
exp2,v7g,A,1,0.05,0.0,4,50,1,171,71,-3.1541156904128336,,,1.0,-2.99,0.09,3.08,0,8,38,440
exp2,v7g,A,1,0.05,0.0,5,23,23,366,75,0.999999994527669,,,1.0,-3.0,0.02,3.02,0,8,38,286
exp2,v7g,A,1,0.05,0.0,6,24,1,144,82,-4.301125146390385,,,1.0,-2.99,0.06,3.06,0,7,37,423
exp2,v7g,A,1,0.05,0.0,7,25,3,132,74,-4.183011574882297,,,1.0,-2.99,0.08,3.08,0,6,36,408
exp2,v7g,A,1,0.05,0.0,8,63,22,214,67,0.9564025910037948,,,1.0,-2.99,0.05,3.04,0,17,47,361
exp2,v7g,A,1,0.05,0.0,9,43,23,401,64,0.9990185231472597,,,-4.31,-2.99,0.05,3.04,0,6,36,479
exp2,v7g,A,1,0.05,0.0,10,47,24,359,69,0.9979934794057709,,,1.0,-2.99,0.05,3.04,0,12,42,337
exp2,v7g,A,1,0.05,0.0,11,47,17,373,60,0.998696344660751,,,1.0,-2.99,0.07,3.06,0,12,42,324
exp2,v7g,A,1,0.05,0.0,12,25,23,345,66,0.9999999774655166,,,1.0,-2.99,0.04,3.03,0,10,40,294
exp2,v7g,A,1,0.05,0.0,13,24,22,350,61,0.9999999810327439,,,1.0,-2.99,0.05,3.04,0,12,42,296
exp2,v7g,A,1,0.05,0.0,14,24,22,336,61,0.9999999773018431,,,1.0,-2.99,0.05,3.04,0,11,41,279
exp2,v7g,A,1,0.05,0.0,15,25,28,335,71,0.9999999198935968,,,1.0,-2.99,0.04,3.04,0,12,42,284
exp2,v7g,A,1,0.05,0.0,16,24,22,217,72,0.995915308293689,,,1.0,-3.0,0.03,3.03,0,10,40,385
exp2,v7g,A,1,0.05,0.0,17,24,23,370,74,0.9999999956973322,,,1.0,-3.0,0.03,3.02,0,8,38,315
exp2,v7g,A,1,0.05,0.0,18,51,,100,0,-4.1918167358380485,,,-3.69,-3.88,0.39,4.27,0,5,35,558
exp2,v7g,A,1,0.05,0.0,19,24,1,140,73,-4.305260071292238,,,1.0,-2.99,0.1,3.09,0,7,37,403
exp2,v7g,A,1,0.05,0.0,20,59,1,115,3,-4.0327518183291975,,,-3.83,-3.78,0.31,4.09,0,5,35,579
piso_025,v7g,A,0,1.0,0.25,1,19,16,293,71,0.999999186903076,,,1.0,-3.0,0.75,3.75,0,9,39,311
piso_025,v7g,A,0,1.0,0.25,2,19,23,289,67,0.9999991010454714,,,1.0,-2.99,0.75,3.74,0,11,41,296
piso_025,v7g,A,0,1.0,0.25,3,19,23,329,74,0.9999999136941471,,,1.0,-3.0,0.75,3.75,0,9,39,275
piso_025,v7g,A,0,1.0,0.25,4,19,23,343,82,0.9999999824210032,,,1.0,-3.0,0.75,3.75,0,6,36,293
piso_025,v7g,A,0,1.0,0.25,5,19,23,315,80,0.9999994746768615,,,1.0,-3.0,0.75,3.75,0,9,39,324
piso_025,v7g,A,0,1.0,0.25,6,19,24,360,77,0.9971698298116166,,,1.0,-3.0,0.75,3.75,0,10,40,307
piso_025,v7g,A,0,1.0,0.25,7,19,23,344,73,0.9999999948472715,,,1.0,-3.0,0.75,3.75,0,6,36,294
piso_025,v7g,A,0,1.0,0.25,8,19,23,326,83,0.9999997695113743,,,1.0,-3.0,0.75,3.75,0,10,40,327
piso_025,v7g,A,0,1.0,0.25,9,19,23,362,69,0.9999999989612867,,,1.0,-2.99,0.75,3.74,0,6,36,291
piso_025,v7g,A,0,1.0,0.25,10,19,20,323,57,0.9999999777579991,,,1.0,-2.99,0.75,3.74,0,9,39,295
piso_025,v7g,A,0,1.0,0.25,11,19,23,328,70,0.9999999659451159,,,1.0,-2.99,0.75,3.74,0,6,36,292
piso_025,v7g,A,0,1.0,0.25,12,19,23,382,75,0.9999999996316511,,,1.0,-3.0,0.75,3.75,0,6,36,281
piso_025,v7g,A,0,1.0,0.25,13,19,23,363,74,0.9999999975501979,,,1.0,-3.0,0.75,3.75,0,8,38,279
piso_025,v7g,A,0,1.0,0.25,14,19,26,294,72,0.999999267931786,,,1.0,-2.99,0.75,3.74,0,11,41,313
piso_025,v7g,A,0,1.0,0.25,15,19,23,314,70,0.9999999039748193,,,1.0,-2.99,0.75,3.74,0,9,39,313
piso_025,v7g,A,0,1.0,0.25,16,19,23,381,63,0.9999999998194238,,,1.0,-2.99,0.75,3.74,0,7,37,250
piso_025,v7g,A,0,1.0,0.25,17,19,19,310,67,0.9999998808899557,,,1.0,-2.99,0.75,3.74,0,9,39,292
piso_025,v7g,A,0,1.0,0.25,18,19,20,309,67,0.9999998332841687,,,1.0,-2.99,0.75,3.74,0,11,41,319
piso_025,v7g,A,0,1.0,0.25,19,19,23,349,60,0.9996309603557327,,,1.0,-2.99,0.75,3.74,0,10,40,322
piso_025,v7g,A,0,1.0,0.25,20,19,23,349,77,0.9999999806368377,,,1.0,-3.0,0.75,3.75,0,6,36,330
piso_025,v7g,A,1,1.0,0.25,1,24,22,323,67,0.9999998049845569,,,1.0,-2.99,0.75,3.74,0,10,40,325
piso_025,v7g,A,1,1.0,0.25,2,24,22,293,75,0.9999972617500317,,,1.0,-3.0,0.75,3.75,0,10,40,351
piso_025,v7g,A,1,1.0,0.25,3,57,25,250,65,0.998726573482493,,,1.0,-2.99,0.75,3.74,0,17,47,350
piso_025,v7g,A,1,1.0,0.25,4,50,1,171,71,-3.154115690412833,,,1.0,-2.99,0.75,3.74,0,8,38,440
piso_025,v7g,A,1,1.0,0.25,5,23,23,366,75,0.9999999945276691,,,1.0,-3.0,0.75,3.75,0,8,38,286
piso_025,v7g,A,1,1.0,0.25,6,24,1,144,82,-4.301125146390384,,,1.0,-2.99,0.75,3.74,0,7,37,423
piso_025,v7g,A,1,1.0,0.25,7,25,3,132,74,-4.183011574882297,,,1.0,-2.99,0.75,3.74,0,6,36,408
piso_025,v7g,A,1,1.0,0.25,8,63,22,214,67,0.9564025910037948,,,1.0,-2.99,0.75,3.74,0,17,47,361
piso_025,v7g,A,1,1.0,0.25,9,43,23,401,64,0.9990185231472597,,,-4.31,-2.99,0.75,3.74,0,6,36,479
piso_025,v7g,A,1,1.0,0.25,10,47,24,359,69,0.9979934794057704,,,1.0,-2.99,0.75,3.74,0,12,42,337
piso_025,v7g,A,1,1.0,0.25,11,47,17,373,60,0.9986963446607506,,,1.0,-2.99,0.75,3.74,0,12,42,324
piso_025,v7g,A,1,1.0,0.25,12,25,23,345,66,0.9999999774655166,,,1.0,-2.99,0.75,3.74,0,10,40,294
piso_025,v7g,A,1,1.0,0.25,13,24,22,350,61,0.999999981032744,,,1.0,-2.99,0.75,3.74,0,12,42,296
piso_025,v7g,A,1,1.0,0.25,14,24,22,336,61,0.9999999773018433,,,1.0,-2.99,0.75,3.74,0,11,41,279
piso_025,v7g,A,1,1.0,0.25,15,25,28,335,71,0.9999999198935967,,,1.0,-2.99,0.75,3.74,0,12,42,284
piso_025,v7g,A,1,1.0,0.25,16,24,22,217,72,0.9959153082936893,,,1.0,-3.0,0.75,3.75,0,10,40,385
piso_025,v7g,A,1,1.0,0.25,17,24,23,370,74,0.9999999956973323,,,1.0,-3.0,0.75,3.75,0,8,38,315
piso_025,v7g,A,1,1.0,0.25,18,51,,100,0,-4.191816735838049,,,-3.69,-3.88,1.06,4.94,0,5,35,558
piso_025,v7g,A,1,1.0,0.25,19,24,1,140,73,-4.305260071292238,,,1.0,-2.99,0.75,3.74,0,7,37,403
piso_025,v7g,A,1,1.0,0.25,20,59,1,115,3,-4.032751818329198,,,-3.83,-3.78,0.83,4.61,0,5,35,579
piso_050,v7g,A,0,1.0,0.5,1,19,16,293,71,0.9999991869030759,,,1.0,-3.0,1.5,4.5,0,9,39,311
piso_050,v7g,A,0,1.0,0.5,2,19,23,289,67,0.9999991010454714,,,1.0,-2.99,1.5,4.49,0,11,41,296
piso_050,v7g,A,0,1.0,0.5,3,19,23,329,74,0.9999999136941469,,,1.0,-3.0,1.5,4.5,0,9,39,275
piso_050,v7g,A,0,1.0,0.5,4,19,23,343,82,0.9999999824210032,,,1.0,-3.0,1.5,4.5,0,6,36,293
piso_050,v7g,A,0,1.0,0.5,5,19,23,315,80,0.9999994746768615,,,1.0,-3.0,1.5,4.5,0,9,39,324
piso_050,v7g,A,0,1.0,0.5,6,19,24,360,77,0.9971698298116163,,,1.0,-3.0,1.5,4.5,0,10,40,307
piso_050,v7g,A,0,1.0,0.5,7,19,23,344,73,0.9999999948472715,,,1.0,-3.0,1.5,4.5,0,6,36,294
piso_050,v7g,A,0,1.0,0.5,8,19,23,326,83,0.9999997695113743,,,1.0,-3.0,1.5,4.5,0,10,40,327
piso_050,v7g,A,0,1.0,0.5,9,19,23,362,69,0.9999999989612867,,,1.0,-2.99,1.5,4.49,0,6,36,291
piso_050,v7g,A,0,1.0,0.5,10,19,20,323,57,0.9999999777579993,,,1.0,-2.99,1.5,4.49,0,9,39,295
piso_050,v7g,A,0,1.0,0.5,11,19,23,328,70,0.9999999659451159,,,1.0,-2.99,1.5,4.49,0,6,36,292
piso_050,v7g,A,0,1.0,0.5,12,19,23,382,75,0.9999999996316511,,,1.0,-3.0,1.5,4.5,0,6,36,281
piso_050,v7g,A,0,1.0,0.5,13,19,23,363,74,0.9999999975501981,,,1.0,-3.0,1.5,4.5,0,8,38,279
piso_050,v7g,A,0,1.0,0.5,14,19,26,294,72,0.9999992679317857,,,1.0,-2.99,1.5,4.49,0,11,41,313
piso_050,v7g,A,0,1.0,0.5,15,19,23,314,70,0.9999999039748193,,,1.0,-2.99,1.5,4.49,0,9,39,313
piso_050,v7g,A,0,1.0,0.5,16,19,23,381,63,0.9999999998194242,,,1.0,-2.99,1.5,4.49,0,7,37,250
piso_050,v7g,A,0,1.0,0.5,17,19,19,310,67,0.9999998808899557,,,1.0,-2.99,1.5,4.49,0,9,39,292
piso_050,v7g,A,0,1.0,0.5,18,19,20,309,67,0.9999998332841686,,,1.0,-2.99,1.5,4.49,0,11,41,319
piso_050,v7g,A,0,1.0,0.5,19,19,23,349,60,0.9996309603557325,,,1.0,-2.99,1.5,4.49,0,10,40,322
piso_050,v7g,A,0,1.0,0.5,20,19,23,349,77,0.9999999806368377,,,1.0,-3.0,1.5,4.5,0,6,36,330
piso_050,v7g,A,1,1.0,0.5,1,24,22,323,67,0.9999998049845571,,,1.0,-2.99,1.5,4.49,0,10,40,325
piso_050,v7g,A,1,1.0,0.5,2,24,22,293,75,0.9999972617500317,,,1.0,-3.0,1.5,4.5,0,10,40,351
piso_050,v7g,A,1,1.0,0.5,3,57,25,250,65,0.9987265734824929,,,1.0,-2.99,1.5,4.49,0,17,47,350
piso_050,v7g,A,1,1.0,0.5,4,50,1,171,71,-3.1541156904128336,,,1.0,-2.99,1.5,4.49,0,8,38,440
piso_050,v7g,A,1,1.0,0.5,5,23,23,366,75,0.999999994527669,,,1.0,-3.0,1.5,4.5,0,8,38,286
piso_050,v7g,A,1,1.0,0.5,6,24,1,144,82,-4.301125146390383,,,1.0,-2.99,1.5,4.49,0,7,37,423
piso_050,v7g,A,1,1.0,0.5,7,25,3,132,74,-4.183011574882297,,,1.0,-2.99,1.5,4.49,0,6,36,408
piso_050,v7g,A,1,1.0,0.5,8,63,22,214,67,0.9564025910037948,,,1.0,-2.99,1.5,4.49,0,17,47,361
piso_050,v7g,A,1,1.0,0.5,9,43,23,401,64,0.9990185231472594,,,-4.31,-2.99,1.5,4.49,0,6,36,479
piso_050,v7g,A,1,1.0,0.5,10,47,24,359,69,0.9979934794057701,,,1.0,-2.99,1.5,4.49,0,12,42,337
piso_050,v7g,A,1,1.0,0.5,11,47,17,373,60,0.9986963446607509,,,1.0,-2.99,1.5,4.49,0,12,42,324
piso_050,v7g,A,1,1.0,0.5,12,25,23,345,66,0.9999999774655168,,,1.0,-2.99,1.5,4.49,0,10,40,294
piso_050,v7g,A,1,1.0,0.5,13,24,22,350,61,0.999999981032744,,,1.0,-2.99,1.5,4.49,0,12,42,296
piso_050,v7g,A,1,1.0,0.5,14,24,22,336,61,0.9999999773018433,,,1.0,-2.99,1.5,4.49,0,11,41,279
piso_050,v7g,A,1,1.0,0.5,15,25,28,335,71,0.9999999198935969,,,1.0,-2.99,1.5,4.49,0,12,42,284
piso_050,v7g,A,1,1.0,0.5,16,24,22,217,72,0.9959153082936893,,,1.0,-3.0,1.5,4.5,0,10,40,385
piso_050,v7g,A,1,1.0,0.5,17,24,23,370,74,0.9999999956973322,,,1.0,-3.0,1.5,4.5,0,8,38,315
piso_050,v7g,A,1,1.0,0.5,18,51,,100,0,-4.191816735838049,,,-3.69,-3.88,1.81,5.69,0,5,35,558
piso_050,v7g,A,1,1.0,0.5,19,24,1,140,73,-4.305260071292238,,,1.0,-2.99,1.5,4.49,0,7,37,403
piso_050,v7g,A,1,1.0,0.5,20,59,1,115,3,-4.032751818329198,,,-3.83,-3.78,1.58,5.36,0,5,35,579
piso_100,v7g,A,0,1.0,1.0,1,19,16,293,71,0.9999991869030749,,,1.0,-3.0,3.0,6.0,0,9,39,311
piso_100,v7g,A,0,1.0,1.0,2,19,23,289,67,0.9999991010454716,,,1.0,-2.99,3.0,5.99,0,11,41,296
piso_100,v7g,A,0,1.0,1.0,3,19,23,329,74,0.9999999136941466,,,1.0,-3.0,3.0,6.0,0,9,39,275
piso_100,v7g,A,0,1.0,1.0,4,19,23,343,82,0.9999999824210029,,,1.0,-3.0,3.0,6.0,0,6,36,293
piso_100,v7g,A,0,1.0,1.0,5,19,23,315,80,0.9999994746768611,,,1.0,-3.0,3.0,6.0,0,9,39,324
piso_100,v7g,A,0,1.0,1.0,6,19,24,360,77,0.9971698298116163,,,1.0,-3.0,3.0,6.0,0,10,40,307
piso_100,v7g,A,0,1.0,1.0,7,19,23,344,73,0.9999999948472712,,,1.0,-3.0,3.0,6.0,0,6,36,294
piso_100,v7g,A,0,1.0,1.0,8,19,23,326,83,0.9999997695113738,,,1.0,-3.0,3.0,6.0,0,10,40,327
piso_100,v7g,A,0,1.0,1.0,9,19,23,362,69,0.9999999989612867,,,1.0,-2.99,3.0,5.99,0,6,36,291
piso_100,v7g,A,0,1.0,1.0,10,19,20,323,57,0.9999999777579995,,,1.0,-2.99,3.0,5.99,0,9,39,295
piso_100,v7g,A,0,1.0,1.0,11,19,23,328,70,0.9999999659451159,,,1.0,-2.99,3.0,5.99,0,6,36,292
piso_100,v7g,A,0,1.0,1.0,12,19,23,382,75,0.9999999996316508,,,1.0,-3.0,3.0,6.0,0,6,36,281
piso_100,v7g,A,0,1.0,1.0,13,19,23,363,74,0.9999999975501983,,,1.0,-3.0,3.0,6.0,0,8,38,279
piso_100,v7g,A,0,1.0,1.0,14,19,26,294,72,0.9999992679317857,,,1.0,-2.99,3.0,5.99,0,11,41,313
piso_100,v7g,A,0,1.0,1.0,15,19,23,314,70,0.9999999039748196,,,1.0,-2.99,3.0,5.99,0,9,39,313
piso_100,v7g,A,0,1.0,1.0,16,19,23,381,63,0.999999999819424,,,1.0,-2.99,3.0,5.99,0,7,37,250
piso_100,v7g,A,0,1.0,1.0,17,19,19,310,67,0.9999998808899557,,,1.0,-2.99,3.0,5.99,0,9,39,292
piso_100,v7g,A,0,1.0,1.0,18,19,20,309,67,0.9999998332841677,,,1.0,-2.99,3.0,5.99,0,11,41,319
piso_100,v7g,A,0,1.0,1.0,19,19,23,349,60,0.9996309603557325,,,1.0,-2.99,3.0,5.99,0,10,40,322
piso_100,v7g,A,0,1.0,1.0,20,19,23,349,77,0.9999999806368377,,,1.0,-3.0,3.0,6.0,0,6,36,330
piso_100,v7g,A,1,1.0,1.0,1,24,22,323,67,0.9999998049845573,,,1.0,-2.99,3.0,5.99,0,10,40,325
piso_100,v7g,A,1,1.0,1.0,2,24,22,293,75,0.9999972617500308,,,1.0,-3.0,3.0,6.0,0,10,40,351
piso_100,v7g,A,1,1.0,1.0,3,57,25,250,65,0.998726573482493,,,1.0,-2.99,3.0,5.99,0,17,47,350
piso_100,v7g,A,1,1.0,1.0,4,50,1,171,71,-3.1541156904128345,,,1.0,-2.99,3.0,5.99,0,8,38,440
piso_100,v7g,A,1,1.0,1.0,5,23,23,366,75,0.999999994527669,,,1.0,-3.0,3.0,6.0,0,8,38,286
piso_100,v7g,A,1,1.0,1.0,6,24,1,144,82,-4.301125146390384,,,1.0,-2.99,3.0,5.99,0,7,37,423
piso_100,v7g,A,1,1.0,1.0,7,25,3,132,74,-4.183011574882297,,,1.0,-2.99,3.0,5.99,0,6,36,408
piso_100,v7g,A,1,1.0,1.0,8,63,22,214,67,0.9564025910037948,,,1.0,-2.99,3.0,5.99,0,17,47,361
piso_100,v7g,A,1,1.0,1.0,9,43,23,401,64,0.999018523147259,,,-4.31,-2.99,3.0,5.99,0,6,36,479
piso_100,v7g,A,1,1.0,1.0,10,47,24,359,69,0.9979934794057701,,,1.0,-2.99,3.0,5.99,0,12,42,337
piso_100,v7g,A,1,1.0,1.0,11,47,17,373,60,0.9986963446607509,,,1.0,-2.99,3.0,5.99,0,12,42,324
piso_100,v7g,A,1,1.0,1.0,12,25,23,345,66,0.9999999774655166,,,1.0,-2.99,3.0,5.99,0,10,40,294
piso_100,v7g,A,1,1.0,1.0,13,24,22,350,61,0.9999999810327438,,,1.0,-2.99,3.0,5.99,0,12,42,296
piso_100,v7g,A,1,1.0,1.0,14,24,22,336,61,0.9999999773018435,,,1.0,-2.99,3.0,5.99,0,11,41,279
piso_100,v7g,A,1,1.0,1.0,15,25,28,335,71,0.9999999198935974,,,1.0,-2.99,3.0,5.99,0,12,42,284
piso_100,v7g,A,1,1.0,1.0,16,24,22,217,72,0.9959153082936882,,,1.0,-3.0,3.0,6.0,0,10,40,385
piso_100,v7g,A,1,1.0,1.0,17,24,23,370,74,0.9999999956973316,,,1.0,-3.0,3.0,6.0,0,8,38,315
piso_100,v7g,A,1,1.0,1.0,18,51,,100,0,-4.1918167358380485,,,-3.69,-3.88,3.31,7.19,0,5,35,558
piso_100,v7g,A,1,1.0,1.0,19,24,1,140,73,-4.305260071292238,,,1.0,-2.99,3.0,5.99,0,7,37,403
piso_100,v7g,A,1,1.0,1.0,20,59,1,115,3,-4.032751818329198,,,-3.83,-3.78,3.08,6.86,0,5,35,579
total,v7g,A,0,1.0,0.0,1,19,16,293,71,0.9999991869030759,,,1.0,-3.0,0.0,3.0,0,9,39,311
total,v7g,A,0,1.0,0.0,2,19,23,289,67,0.9999991010454714,,,1.0,-2.99,0.0,2.99,0,11,41,296
total,v7g,A,0,1.0,0.0,3,19,23,329,74,0.9999999136941471,,,1.0,-3.0,0.0,3.0,0,9,39,275
total,v7g,A,0,1.0,0.0,4,19,23,343,82,0.9999999824210033,,,1.0,-3.0,0.0,3.0,0,6,36,293
total,v7g,A,0,1.0,0.0,5,19,23,315,80,0.9999994746768615,,,1.0,-3.0,0.0,3.0,0,9,39,324
total,v7g,A,0,1.0,0.0,6,19,24,360,77,0.9971698298116167,,,1.0,-3.0,0.0,3.0,0,10,40,307
total,v7g,A,0,1.0,0.0,7,19,23,344,73,0.9999999948472712,,,1.0,-3.0,0.0,3.0,0,6,36,294
total,v7g,A,0,1.0,0.0,8,19,23,326,83,0.9999997695113743,,,1.0,-3.0,0.0,3.0,0,10,40,327
total,v7g,A,0,1.0,0.0,9,19,23,362,69,0.9999999989612864,,,1.0,-2.99,0.0,2.99,0,6,36,291
total,v7g,A,0,1.0,0.0,10,19,20,323,57,0.9999999777579991,,,1.0,-2.99,0.0,2.99,0,9,39,295
total,v7g,A,0,1.0,0.0,11,19,23,328,70,0.9999999659451164,,,1.0,-2.99,0.0,2.99,0,6,36,292
total,v7g,A,0,1.0,0.0,12,19,23,382,75,0.9999999996316511,,,1.0,-3.0,0.0,3.0,0,6,36,281
total,v7g,A,0,1.0,0.0,13,19,23,363,74,0.9999999975501981,,,1.0,-3.0,0.0,3.0,0,8,38,279
total,v7g,A,0,1.0,0.0,14,19,26,294,72,0.999999267931786,,,1.0,-2.99,0.0,2.99,0,11,41,313
total,v7g,A,0,1.0,0.0,15,19,23,314,70,0.9999999039748191,,,1.0,-2.99,0.0,2.99,0,9,39,313
total,v7g,A,0,1.0,0.0,16,19,23,381,63,0.9999999998194238,,,1.0,-2.99,0.0,2.99,0,7,37,250
total,v7g,A,0,1.0,0.0,17,19,19,310,67,0.9999998808899555,,,1.0,-2.99,0.0,2.99,0,9,39,292
total,v7g,A,0,1.0,0.0,18,19,20,309,67,0.9999998332841689,,,1.0,-2.99,0.0,2.99,0,11,41,319
total,v7g,A,0,1.0,0.0,19,19,23,349,60,0.9996309603557326,,,1.0,-2.99,0.0,2.99,0,10,40,322
total,v7g,A,0,1.0,0.0,20,19,23,349,77,0.9999999806368378,,,1.0,-3.0,0.0,3.0,0,6,36,330
total,v7g,A,1,1.0,0.0,1,24,22,323,67,0.9999998049845571,,,1.0,-2.99,0.0,2.99,0,10,40,325
total,v7g,A,1,1.0,0.0,2,24,22,293,75,0.9999972617500318,,,1.0,-3.0,0.0,3.0,0,10,40,351
total,v7g,A,1,1.0,0.0,3,57,25,250,65,0.9987265734824928,,,1.0,-2.99,0.0,2.99,0,17,47,350
total,v7g,A,1,1.0,0.0,4,50,1,171,71,-3.1541156904128336,,,1.0,-2.99,0.0,2.99,0,8,38,440
total,v7g,A,1,1.0,0.0,5,23,23,366,75,0.9999999945276691,,,1.0,-3.0,0.0,3.0,0,8,38,286
total,v7g,A,1,1.0,0.0,6,24,1,144,82,-4.301125146390384,,,1.0,-2.99,0.0,2.99,0,7,37,423
total,v7g,A,1,1.0,0.0,7,25,3,132,74,-4.183011574882297,,,1.0,-2.99,0.0,2.99,0,6,36,408
total,v7g,A,1,1.0,0.0,8,63,22,214,67,0.9564025910037948,,,1.0,-2.99,0.0,2.99,0,17,47,361
total,v7g,A,1,1.0,0.0,9,43,23,401,64,0.9990185231472598,,,-4.31,-2.99,0.0,2.99,0,6,36,479
total,v7g,A,1,1.0,0.0,10,47,24,359,69,0.9979934794057704,,,1.0,-2.99,0.0,2.99,0,12,42,337
total,v7g,A,1,1.0,0.0,11,47,17,373,60,0.9986963446607509,,,1.0,-2.99,0.0,2.99,0,12,42,324
total,v7g,A,1,1.0,0.0,12,25,23,345,66,0.9999999774655167,,,1.0,-2.99,0.0,2.99,0,10,40,294
total,v7g,A,1,1.0,0.0,13,24,22,350,61,0.999999981032744,,,1.0,-2.99,0.0,2.99,0,12,42,296
total,v7g,A,1,1.0,0.0,14,24,22,336,61,0.9999999773018431,,,1.0,-2.99,0.0,2.99,0,11,41,279
total,v7g,A,1,1.0,0.0,15,25,28,335,71,0.9999999198935969,,,1.0,-2.99,0.0,2.99,0,12,42,284
total,v7g,A,1,1.0,0.0,16,24,22,217,72,0.9959153082936893,,,1.0,-3.0,0.0,3.0,0,10,40,385
total,v7g,A,1,1.0,0.0,17,24,23,370,74,0.9999999956973323,,,1.0,-3.0,0.0,3.0,0,8,38,315
total,v7g,A,1,1.0,0.0,18,51,,100,0,-4.1918167358380485,,,-3.69,-3.88,0.31,4.19,0,5,35,558
total,v7g,A,1,1.0,0.0,19,24,1,140,73,-4.305260071292238,,,1.0,-2.99,0.0,2.99,0,7,37,403
total,v7g,A,1,1.0,0.0,20,59,1,115,3,-4.032751818329198,,,-3.83,-3.78,0.08,3.86,0,5,35,579
v6,v6s,A,0,,,1,19,23,331,75,0.9999999766892734,,,1.0,-3.0,3.98,6.98,1,,,306
v6,v6s,A,0,,,2,19,23,328,66,0.999999985447847,,,1.0,-2.99,3.98,6.98,1,,,308
v6,v6s,A,0,,,3,19,23,380,79,0.9999999992870577,,,1.0,-3.0,3.99,6.99,1,,,279
v6,v6s,A,0,,,4,19,23,343,82,0.9999999824210029,,,1.0,-3.0,3.99,6.98,1,,,293
v6,v6s,A,0,,,5,19,23,315,80,0.9999994746768611,,,1.0,-3.0,3.99,6.99,1,,,324
v6,v6s,A,0,,,6,19,23,304,63,0.9999998840779005,,,1.0,-2.99,3.99,6.98,1,,,317
v6,v6s,A,0,,,7,19,23,344,73,0.9999999948472712,,,1.0,-3.0,3.98,6.98,1,,,294
v6,v6s,A,0,,,8,19,23,348,68,0.9999999964603725,,,1.0,-2.99,3.99,6.98,1,,,277
v6,v6s,A,0,,,9,19,23,362,69,0.9999999989612867,,,1.0,-2.99,3.99,6.98,1,,,291
v6,v6s,A,0,,,10,19,23,352,74,0.9999999943237806,,,1.0,-3.0,3.99,6.99,1,,,293
v6,v6s,A,0,,,11,19,23,328,70,0.9999999659451159,,,1.0,-2.99,3.99,6.99,1,,,292
v6,v6s,A,0,,,12,19,23,382,75,0.9999999996316508,,,1.0,-3.0,3.99,6.99,1,,,281
v6,v6s,A,0,,,13,19,23,372,60,0.9999999998269056,,,1.0,-2.99,3.99,6.97,1,,,278
v6,v6s,A,0,,,14,19,23,296,71,0.9999995231346865,,,1.0,-3.0,3.98,6.98,1,,,294
v6,v6s,A,0,,,15,19,23,314,70,0.9999999039748196,,,1.0,-2.99,3.99,6.98,1,,,313
v6,v6s,A,0,,,16,19,23,331,72,0.9999999690100555,,,1.0,-3.0,3.99,6.99,1,,,272
v6,v6s,A,0,,,17,19,23,316,57,0.9999999787718912,,,1.0,-2.98,3.99,6.97,1,,,263
v6,v6s,A,0,,,18,19,23,341,78,0.9999999787486581,,,1.0,-3.0,3.99,6.99,1,,,297
v6,v6s,A,0,,,19,19,23,337,74,0.9999999824104793,,,1.0,-3.0,3.99,6.98,1,,,272
v6,v6s,A,0,,,20,19,23,349,77,0.9999999806368377,,,1.0,-3.0,4.0,6.99,1,,,330
v7_control,v7g,A,0,0.0,,1,19,16,293,71,0.9999991869030753,,,1.0,-3.0,4.4,7.4,0,9,39,311
v7_control,v7g,A,0,0.0,,2,19,23,289,67,0.9999991010454714,,,1.0,-2.99,4.51,7.51,0,11,41,296
v7_control,v7g,A,0,0.0,,3,19,23,329,74,0.9999999136941464,,,1.0,-3.0,4.55,7.55,0,9,39,275
v7_control,v7g,A,0,0.0,,4,19,23,343,82,0.9999999824210029,,,1.0,-3.0,3.99,6.98,0,6,36,293
v7_control,v7g,A,0,0.0,,5,19,23,315,80,0.9999994746768611,,,1.0,-3.0,3.99,6.99,0,9,39,324
v7_control,v7g,A,0,0.0,,6,19,24,360,77,0.9971698298116165,,,1.0,-2.98,5.04,8.02,0,10,40,291
v7_control,v7g,A,0,0.0,,7,19,23,344,73,0.9999999948472712,,,1.0,-3.0,3.98,6.98,0,6,36,294
v7_control,v7g,A,0,0.0,,8,19,23,326,83,0.999999769511374,,,1.0,-3.0,4.94,7.94,0,10,40,327
v7_control,v7g,A,0,0.0,,9,19,23,362,69,0.9999999989612867,,,1.0,-2.99,3.99,6.98,0,6,36,291
v7_control,v7g,A,0,0.0,,10,19,20,323,57,0.9999999777579998,,,1.0,-2.99,4.37,7.36,0,9,39,295
v7_control,v7g,A,0,0.0,,11,19,23,328,70,0.9999999659451159,,,1.0,-2.99,3.99,6.99,0,6,36,292
v7_control,v7g,A,0,0.0,,12,19,23,382,75,0.9999999996316508,,,1.0,-3.0,3.99,6.99,0,6,36,281
v7_control,v7g,A,0,0.0,,13,19,23,363,74,0.9999999975501979,,,1.0,-3.0,4.43,7.42,0,8,38,279
v7_control,v7g,A,0,0.0,,14,19,26,294,72,0.9999992679317857,,,1.0,-2.99,4.25,7.24,0,11,41,313
v7_control,v7g,A,0,0.0,,15,19,23,314,70,0.9999999039748196,,,1.0,-2.99,3.99,6.98,0,9,39,313
v7_control,v7g,A,0,0.0,,16,19,23,381,63,0.999999999819424,,,1.0,-2.99,4.54,7.53,0,7,37,250
v7_control,v7g,A,0,0.0,,17,19,19,310,67,0.9999998808899557,,,1.0,-2.99,4.19,7.18,0,9,39,292
v7_control,v7g,A,0,0.0,,18,19,20,309,67,0.9999998332841677,,,1.0,-2.99,4.12,7.11,0,11,41,319
v7_control,v7g,A,0,0.0,,19,19,27,370,81,0.9996309603557325,,,1.0,-2.98,5.12,8.1,0,10,40,312
v7_control,v7g,A,0,0.0,,20,19,23,349,77,0.9999999806368377,,,1.0,-3.0,4.0,6.99,0,6,36,330
v7_control,v7g,A,1,0.0,,1,24,,3566,3245,0.999999999575615,,,0.0,-0.37,8.63,9.0,1,60,90,569
v7_control,v7g,A,1,0.0,,2,24,,3752,3469,0.9999999940411333,,,0.0,-0.33,8.67,9.0,1,60,90,615
v7_control,v7g,A,1,0.0,,3,57,,4237,3767,0.5466613143775803,,,0.0,0.0,9.0,9.0,1,60,90,586
v7_control,v7g,A,1,0.0,,4,50,,5696,3832,0.0,,,0.0,0.0,9.0,9.0,1,60,90,710
v7_control,v7g,A,1,0.0,,5,23,,3039,2741,0.9999999971721141,,,0.0,-0.52,8.48,9.0,1,60,90,504
v7_control,v7g,A,1,0.0,,6,24,1,3126,3064,-4.301125146390384,,,0.0,0.0,9.0,9.0,1,60,90,618
v7_control,v7g,A,1,0.0,,7,25,3,265,207,-4.183011574882297,,,0.3,-1.62,7.38,9.0,1,17,47,427
v7_control,v7g,A,1,0.0,,8,63,,4283,3850,0.14034570308700145,,,0.0,0.0,9.0,9.0,1,60,90,594
v7_control,v7g,A,1,0.0,,9,43,,6783,3915,0.0,,,0.0,0.0,9.0,9.0,1,60,90,721
v7_control,v7g,A,1,0.0,,10,47,,6521,3657,0.0,,,0.0,0.0,9.0,9.0,1,60,90,703
v7_control,v7g,A,1,0.0,,11,47,,6610,3764,0.0,,,0.0,0.0,9.0,9.0,1,60,90,728
v7_control,v7g,A,1,0.0,,12,25,,3798,3335,0.9999999999999938,,,0.0,-0.38,8.62,9.0,1,60,90,629
v7_control,v7g,A,1,0.0,,13,24,,3870,3536,0.999999999727812,,,0.0,-0.16,8.84,9.0,1,60,90,556
v7_control,v7g,A,1,0.0,,14,24,,3018,2720,0.9999999974061642,,,0.0,-0.45,8.55,9.0,1,60,90,515
v7_control,v7g,A,1,0.0,,15,25,,3403,3068,0.9999999999010067,,,0.0,-0.38,8.62,9.0,1,60,90,578
v7_control,v7g,A,1,0.0,,16,24,,3820,3691,0.7747890278135889,,,0.0,0.0,9.0,9.0,1,60,90,604
v7_control,v7g,A,1,0.0,,17,24,,2970,2638,0.9999999998557123,,,0.0,-0.52,8.48,9.0,1,60,90,519
v7_control,v7g,A,1,0.0,,18,51,,4994,3883,0.0,,,0.0,0.0,9.0,9.0,1,60,90,666
v7_control,v7g,A,1,0.0,,19,24,1,1752,1685,-4.305260071292238,,,0.59,-0.76,8.24,9.0,1,60,90,606
v7_control,v7g,A,1,0.0,,20,59,,4958,3803,0.0,,,0.0,0.0,9.0,9.0,1,60,90,702
exp2,v7g,B,0,0.05,0.0,1,19,,355,0,,0.9999991869030759,0.9999991869030759,-3.0,1.0,1.0,0.0,0,5,35,402
exp2,v7g,B,0,0.05,0.0,2,19,,334,0,,0.9999991010454716,0.9999991010454716,-3.0,1.0,1.02,0.02,0,6,36,392
exp2,v7g,B,0,0.05,0.0,3,19,,371,0,,0.9999999136941473,0.9999999136941473,-3.0,1.0,1.04,0.04,0,4,34,362
exp2,v7g,B,0,0.05,0.0,4,19,,419,0,,0.9999999824210032,0.9999999824210032,-3.0,1.0,1.0,0.0,0,3,33,370
exp2,v7g,B,0,0.05,0.0,5,19,,366,0,,0.9999994746768615,0.9999994746768615,-3.0,1.0,1.0,0.0,0,3,33,396
exp2,v7g,B,0,0.05,0.0,6,19,,412,0,,0.997169829811617,0.9904732979215688,-3.0,1.0,1.13,0.13,0,5,35,358
exp2,v7g,B,0,0.05,0.0,7,19,,379,0,,0.9999999948472712,0.9999999948472712,-3.0,1.0,1.0,0.0,0,3,33,369
exp2,v7g,B,0,0.05,0.0,8,19,,379,0,,0.9999997695113746,0.9999997695113746,-3.0,1.0,1.0,0.0,0,6,36,374
exp2,v7g,B,0,0.05,0.0,9,19,,407,0,,0.9999999989612864,0.9999999989612864,-3.0,1.0,1.0,0.0,0,3,33,388
exp2,v7g,B,0,0.05,0.0,10,19,,405,0,,0.9999999777579993,0.9999999777579993,-3.0,1.0,1.0,0.0,0,5,35,376
exp2,v7g,B,0,0.05,0.0,11,19,,379,0,,0.9999999659451164,0.9999999659451164,-3.0,1.0,1.0,0.0,0,3,33,383
exp2,v7g,B,0,0.05,0.0,12,19,,417,0,,0.9999999996316513,0.9999999996316513,-3.0,1.0,1.0,0.0,0,3,33,369
exp2,v7g,B,0,0.05,0.0,13,19,,396,0,,0.9999999975501981,0.9999999975501981,-3.0,1.0,1.0,0.0,0,5,35,369
exp2,v7g,B,0,0.05,0.0,14,19,,362,0,,0.999999267931786,0.999999267931786,-3.0,1.0,1.0,0.0,0,5,35,395
exp2,v7g,B,0,0.05,0.0,15,19,,364,0,,0.9999999039748193,0.9999999039748193,-3.0,1.0,1.0,0.0,0,3,33,399
exp2,v7g,B,0,0.05,0.0,16,19,,406,0,,0.9999999998194239,0.9999999998194239,-3.0,1.0,1.03,0.03,0,4,34,356
exp2,v7g,B,0,0.05,0.0,17,19,,338,0,,0.9999998808899555,0.9999998808899555,-3.0,1.0,1.0,0.0,0,5,35,375
exp2,v7g,B,0,0.05,0.0,18,19,,388,0,,0.9999998332841686,0.9999998332841686,-3.0,1.0,1.0,0.0,0,5,35,395
exp2,v7g,B,0,0.05,0.0,19,19,,440,0,,0.9996309603557327,0.9860565603551874,-3.0,1.0,1.34,0.34,0,5,35,362
exp2,v7g,B,0,0.05,0.0,20,19,,392,0,,0.9999999806368378,0.9999999806368378,-3.0,1.0,1.0,0.0,0,3,33,396
exp2,v7g,B,1,0.05,0.0,1,24,,365,0,,0.9999998049845569,0.9999998049845569,-3.0,1.0,1.0,0.0,0,6,36,405
exp2,v7g,B,1,0.05,0.0,2,24,,329,0,,0.999997261750032,0.999997261750032,-3.0,1.0,1.0,0.0,0,6,36,445
exp2,v7g,B,1,0.05,0.0,3,57,,321,0,,0.9987265734824927,0.9987265734824927,-3.0,1.0,1.0,0.0,0,11,41,441
exp2,v7g,B,1,0.05,0.0,4,50,,225,0,,-3.1541156904128336,-2.950493175109254,-2.95,0.99,1.11,0.12,0,6,36,508
exp2,v7g,B,1,0.05,0.0,5,23,,424,0,,0.999999994527669,0.999999994527669,-3.0,1.0,1.0,0.0,0,6,36,372
exp2,v7g,B,1,0.05,0.0,6,24,,62,0,,-4.301125146390385,-4.306565565306485,-3.0,-4.31,0.0,4.31,0,0,30,574
exp2,v7g,B,1,0.05,0.0,7,25,,58,0,,-4.183011574882297,-4.0638986412279525,-3.0,-4.06,0.02,4.08,0,1,31,566
exp2,v7g,B,1,0.05,0.0,8,63,,271,0,,0.9564025910037948,0.9564025910037948,-3.0,1.0,1.0,0.0,0,11,41,469
exp2,v7g,B,1,0.05,0.0,9,43,,444,0,,0.9990185231472597,0.9919287424913232,-3.0,1.0,1.15,0.15,0,6,36,392
exp2,v7g,B,1,0.05,0.0,10,47,,412,0,,0.9979934794057709,0.9852921861583408,-3.0,1.0,1.14,0.14,0,7,37,389
exp2,v7g,B,1,0.05,0.0,11,47,,464,0,,0.998696344660751,0.9935927521019637,-3.0,1.0,1.55,0.55,0,6,36,346
exp2,v7g,B,1,0.05,0.0,12,25,,405,0,,0.9999999774655166,0.9999999774655166,-3.0,1.0,1.0,0.0,0,7,37,405
exp2,v7g,B,1,0.05,0.0,13,24,,394,0,,0.9999999810327439,0.9999999810327439,-3.0,1.0,1.0,0.0,0,7,37,379
exp2,v7g,B,1,0.05,0.0,14,24,,413,0,,0.9999999773018431,0.9999999773018431,-3.0,1.0,1.0,0.0,0,7,37,363
exp2,v7g,B,1,0.05,0.0,15,25,,397,0,,0.9999999198935968,0.9999999198935968,-3.0,1.0,1.0,0.0,0,8,38,380
exp2,v7g,B,1,0.05,0.0,16,24,,243,0,,0.995915308293689,0.995915308293689,-3.0,1.0,1.0,0.0,0,6,36,465
exp2,v7g,B,1,0.05,0.0,17,24,,405,0,,0.9999999956973322,0.9999999956973322,-3.0,1.0,1.0,0.0,0,6,36,381
exp2,v7g,B,1,0.05,0.0,18,51,,193,0,,-4.1918167358380485,-4.122589933947881,-2.8,1.0,1.05,0.05,0,8,38,505
exp2,v7g,B,1,0.05,0.0,19,24,,67,0,,-4.305260071292238,-4.314098065863467,-3.0,-4.31,0.0,4.31,0,0,30,567
exp2,v7g,B,1,0.05,0.0,20,59,,112,0,,-4.0327518183291975,-3.8685000466742108,-3.75,-3.87,0.22,4.09,0,5,35,578
exp2,v7g,B,2,0.05,0.0,1,41,,404,0,,0.9999999718033054,0.9999999718033054,-3.0,1.0,1.0,0.0,0,9,39,391
exp2,v7g,B,2,0.05,0.0,2,41,,90,0,,-4.077621983824594,-4.077621983824594,-3.0,-3.62,0.48,4.1,0,8,38,591
exp2,v7g,B,2,0.05,0.0,3,43,,369,0,,0.9999996727545367,0.9999996727545367,-3.0,1.0,1.0,0.0,0,11,41,402
exp2,v7g,B,2,0.05,0.0,4,42,,392,0,,0.9999999039226808,0.9999999039226808,-3.0,1.0,1.0,0.0,0,11,41,388
exp2,v7g,B,2,0.05,0.0,5,42,,365,0,,0.9999996104447798,0.9999996104447798,-3.0,1.0,1.0,0.0,0,9,39,390
exp2,v7g,B,2,0.05,0.0,6,44,,356,0,,0.9999842417620196,0.9999842417620196,-3.0,1.0,1.0,0.0,0,11,41,391
exp2,v7g,B,2,0.05,0.0,7,42,,92,0,,-4.023553242280177,-4.023553242280177,-3.0,-4.02,0.03,4.05,0,8,38,607
exp2,v7g,B,2,0.05,0.0,8,38,,428,0,,0.9999999867349845,0.9999999867349845,-3.0,1.0,1.0,0.0,0,9,39,358
exp2,v7g,B,2,0.05,0.0,9,40,,430,0,,0.9999999980445224,0.9999999980445224,-3.0,1.0,1.0,0.0,0,9,39,354
exp2,v7g,B,2,0.05,0.0,10,43,,481,0,,0.9999999997446184,0.9999999997446184,-3.0,1.0,1.0,0.0,0,10,40,374
exp2,v7g,B,2,0.05,0.0,11,40,,334,0,,0.9999629916826969,0.9999629916826969,-3.0,1.0,1.0,0.0,0,11,41,425
exp2,v7g,B,2,0.05,0.0,12,52,,343,0,,0.9958129265852065,0.9641459555024751,-3.0,1.0,1.05,0.05,0,9,39,415
exp2,v7g,B,2,0.05,0.0,13,40,,428,0,,0.9999999940462091,0.9999999940462091,-3.0,1.0,1.0,0.0,0,10,40,351
exp2,v7g,B,2,0.05,0.0,14,43,,413,0,,0.9999999871799636,0.9999999871799636,-3.0,1.0,1.0,0.0,0,10,40,374
exp2,v7g,B,2,0.05,0.0,15,44,,417,0,,0.9999998800838034,0.9999998800838034,-3.0,1.0,1.0,0.0,0,10,40,400
exp2,v7g,B,2,0.05,0.0,16,38,,82,0,,-4.310625502257373,-4.310625502257373,-3.0,-4.31,0.02,4.33,0,8,38,591
exp2,v7g,B,2,0.05,0.0,17,42,,375,0,,0.9999999683007308,0.9999999683007308,-3.0,1.0,1.13,0.13,0,9,39,393
exp2,v7g,B,2,0.05,0.0,18,44,,91,0,,-4.0766334314633115,-4.0766334314633115,-3.0,-4.08,0.02,4.1,0,8,38,598
exp2,v7g,B,2,0.05,0.0,19,43,,91,0,,-4.0748082603735405,-4.0748082603735405,-3.0,-4.07,0.03,4.1,0,8,38,598
exp2,v7g,B,2,0.05,0.0,20,43,,398,0,,0.9999997286287694,0.9999997286287694,-3.0,1.0,1.0,0.0,0,8,38,400
piso_025,v7g,B,0,1.0,0.25,1,19,,355,0,,0.999999186903076,0.999999186903076,-3.0,1.0,1.75,0.75,0,5,35,402
piso_025,v7g,B,0,1.0,0.25,2,19,,334,0,,0.9999991010454714,0.9999991010454714,-3.0,1.0,1.77,0.77,0,6,36,392
piso_025,v7g,B,0,1.0,0.25,3,19,,371,0,,0.9999999136941471,0.9999999136941471,-3.0,1.0,1.79,0.79,0,4,34,362
piso_025,v7g,B,0,1.0,0.25,4,19,,419,0,,0.9999999824210032,0.9999999824210032,-3.0,1.0,1.75,0.75,0,3,33,370
piso_025,v7g,B,0,1.0,0.25,5,19,,366,0,,0.9999994746768615,0.9999994746768615,-3.0,1.0,1.75,0.75,0,3,33,396
piso_025,v7g,B,0,1.0,0.25,6,19,,412,0,,0.9971698298116166,0.9904732979215682,-3.0,1.0,1.88,0.88,0,5,35,358
piso_025,v7g,B,0,1.0,0.25,7,19,,379,0,,0.9999999948472715,0.9999999948472715,-3.0,1.0,1.75,0.75,0,3,33,369
piso_025,v7g,B,0,1.0,0.25,8,19,,379,0,,0.9999997695113743,0.9999997695113743,-3.0,1.0,1.75,0.75,0,6,36,374
piso_025,v7g,B,0,1.0,0.25,9,19,,407,0,,0.9999999989612867,0.9999999989612867,-3.0,1.0,1.75,0.75,0,3,33,388
piso_025,v7g,B,0,1.0,0.25,10,19,,405,0,,0.9999999777579991,0.9999999777579991,-3.0,1.0,1.75,0.75,0,5,35,376
piso_025,v7g,B,0,1.0,0.25,11,19,,379,0,,0.9999999659451159,0.9999999659451159,-3.0,1.0,1.75,0.75,0,3,33,383
piso_025,v7g,B,0,1.0,0.25,12,19,,417,0,,0.9999999996316511,0.9999999996316511,-3.0,1.0,1.75,0.75,0,3,33,369
piso_025,v7g,B,0,1.0,0.25,13,19,,396,0,,0.9999999975501979,0.9999999975501979,-3.0,1.0,1.75,0.75,0,5,35,369
piso_025,v7g,B,0,1.0,0.25,14,19,,362,0,,0.999999267931786,0.999999267931786,-3.0,1.0,1.75,0.75,0,5,35,395
piso_025,v7g,B,0,1.0,0.25,15,19,,364,0,,0.9999999039748193,0.9999999039748193,-3.0,1.0,1.75,0.75,0,3,33,399
piso_025,v7g,B,0,1.0,0.25,16,19,,406,0,,0.9999999998194238,0.9999999998194238,-3.0,1.0,1.78,0.78,0,4,34,356
piso_025,v7g,B,0,1.0,0.25,17,19,,338,0,,0.9999998808899557,0.9999998808899557,-3.0,1.0,1.75,0.75,0,5,35,375
piso_025,v7g,B,0,1.0,0.25,18,19,,388,0,,0.9999998332841687,0.9999998332841687,-3.0,1.0,1.75,0.75,0,5,35,395
piso_025,v7g,B,0,1.0,0.25,19,19,,440,0,,0.9996309603557327,0.9860565603551872,-3.0,1.0,2.09,1.09,0,5,35,362
piso_025,v7g,B,0,1.0,0.25,20,19,,392,0,,0.9999999806368377,0.9999999806368377,-3.0,1.0,1.75,0.75,0,3,33,396
piso_025,v7g,B,1,1.0,0.25,1,24,,365,0,,0.9999998049845569,0.9999998049845569,-3.0,1.0,1.75,0.75,0,6,36,405
piso_025,v7g,B,1,1.0,0.25,2,24,,329,0,,0.9999972617500317,0.9999972617500317,-3.0,1.0,1.75,0.75,0,6,36,445
piso_025,v7g,B,1,1.0,0.25,3,57,,321,0,,0.998726573482493,0.998726573482493,-3.0,1.0,1.75,0.75,0,11,41,441
piso_025,v7g,B,1,1.0,0.25,4,50,,225,0,,-3.154115690412833,-2.9504931751092536,-2.95,0.99,1.85,0.86,0,6,36,508
piso_025,v7g,B,1,1.0,0.25,5,23,,424,0,,0.9999999945276691,0.9999999945276691,-3.0,1.0,1.75,0.75,0,6,36,372
piso_025,v7g,B,1,1.0,0.25,6,24,,62,0,,-4.301125146390384,-4.306565565306483,-3.0,-4.31,0.25,4.56,0,0,30,574
piso_025,v7g,B,1,1.0,0.25,7,25,,58,0,,-4.183011574882297,-4.063898641227953,-3.0,-4.06,0.5,4.56,0,1,31,566
piso_025,v7g,B,1,1.0,0.25,8,63,,271,0,,0.9564025910037948,0.9564025910037948,-3.0,1.0,1.75,0.75,0,11,41,469
piso_025,v7g,B,1,1.0,0.25,9,43,,444,0,,0.9990185231472597,0.9919287424913228,-3.0,1.0,1.9,0.9,0,6,36,392
piso_025,v7g,B,1,1.0,0.25,10,47,,412,0,,0.9979934794057704,0.9852921861583406,-3.0,1.0,1.89,0.89,0,7,37,389
piso_025,v7g,B,1,1.0,0.25,11,47,,464,0,,0.9986963446607506,0.9935927521019631,-3.0,1.0,2.3,1.3,0,6,36,346
piso_025,v7g,B,1,1.0,0.25,12,25,,405,0,,0.9999999774655166,0.9999999774655166,-3.0,1.0,1.75,0.75,0,7,37,405
piso_025,v7g,B,1,1.0,0.25,13,24,,394,0,,0.999999981032744,0.999999981032744,-3.0,1.0,1.75,0.75,0,7,37,379
piso_025,v7g,B,1,1.0,0.25,14,24,,413,0,,0.9999999773018433,0.9999999773018433,-3.0,1.0,1.75,0.75,0,7,37,363
piso_025,v7g,B,1,1.0,0.25,15,25,,397,0,,0.9999999198935967,0.9999999198935967,-3.0,1.0,1.75,0.75,0,8,38,380
piso_025,v7g,B,1,1.0,0.25,16,24,,243,0,,0.9959153082936893,0.9959153082936893,-3.0,1.0,1.75,0.75,0,6,36,465
piso_025,v7g,B,1,1.0,0.25,17,24,,405,0,,0.9999999956973323,0.9999999956973323,-3.0,1.0,1.75,0.75,0,6,36,381
piso_025,v7g,B,1,1.0,0.25,18,51,,193,0,,-4.191816735838049,-4.122589933947882,-2.8,1.0,1.75,0.75,0,8,38,505
piso_025,v7g,B,1,1.0,0.25,19,24,,67,0,,-4.305260071292238,-4.314098065863466,-3.0,-4.31,0.25,4.56,0,0,30,567
piso_025,v7g,B,1,1.0,0.25,20,59,,112,0,,-4.032751818329198,-3.868500046674211,-3.75,-3.87,0.8,4.67,0,5,35,578
piso_025,v7g,B,2,1.0,0.25,1,41,,404,0,,0.9999999718033055,0.9999999718033055,-3.0,1.0,1.75,0.75,0,9,39,391
piso_025,v7g,B,2,1.0,0.25,2,41,,90,0,,-4.077621983824594,-4.077621983824594,-3.0,-3.62,1.21,4.83,0,8,38,591
piso_025,v7g,B,2,1.0,0.25,3,43,,369,0,,0.9999996727545368,0.9999996727545368,-3.0,1.0,1.75,0.75,0,11,41,402
piso_025,v7g,B,2,1.0,0.25,4,42,,392,0,,0.9999999039226812,0.9999999039226812,-3.0,1.0,1.75,0.75,0,11,41,388
piso_025,v7g,B,2,1.0,0.25,5,42,,365,0,,0.9999996104447797,0.9999996104447797,-3.0,1.0,1.75,0.75,0,9,39,390
piso_025,v7g,B,2,1.0,0.25,6,44,,356,0,,0.9999842417620194,0.9999842417620194,-3.0,1.0,1.75,0.75,0,11,41,391
piso_025,v7g,B,2,1.0,0.25,7,42,,92,0,,-4.023553242280178,-4.023553242280178,-3.0,-4.02,0.75,4.77,0,8,38,607
piso_025,v7g,B,2,1.0,0.25,8,38,,428,0,,0.9999999867349845,0.9999999867349845,-3.0,1.0,1.75,0.75,0,9,39,358
piso_025,v7g,B,2,1.0,0.25,9,40,,430,0,,0.9999999980445223,0.9999999980445223,-3.0,1.0,1.75,0.75,0,9,39,354
piso_025,v7g,B,2,1.0,0.25,10,43,,481,0,,0.9999999997446181,0.9999999997446181,-3.0,1.0,1.75,0.75,0,10,40,374
piso_025,v7g,B,2,1.0,0.25,11,40,,334,0,,0.9999629916826973,0.9999629916826973,-3.0,1.0,1.75,0.75,0,11,41,425
piso_025,v7g,B,2,1.0,0.25,12,52,,343,0,,0.9958129265852064,0.9641459555024742,-3.0,1.0,1.8,0.8,0,9,39,415
piso_025,v7g,B,2,1.0,0.25,13,40,,428,0,,0.999999994046209,0.999999994046209,-3.0,1.0,1.75,0.75,0,10,40,351
piso_025,v7g,B,2,1.0,0.25,14,43,,413,0,,0.9999999871799639,0.9999999871799639,-3.0,1.0,1.75,0.75,0,10,40,374
piso_025,v7g,B,2,1.0,0.25,15,44,,417,0,,0.9999998800838039,0.9999998800838039,-3.0,1.0,1.75,0.75,0,10,40,400
piso_025,v7g,B,2,1.0,0.25,16,38,,82,0,,-4.310625502257375,-4.310625502257375,-3.0,-4.31,0.75,5.06,0,8,38,591
piso_025,v7g,B,2,1.0,0.25,17,42,,375,0,,0.999999968300731,0.999999968300731,-3.0,1.0,1.88,0.88,0,9,39,393
piso_025,v7g,B,2,1.0,0.25,18,44,,91,0,,-4.0766334314633115,-4.0766334314633115,-3.0,-4.08,0.75,4.83,0,8,38,598
piso_025,v7g,B,2,1.0,0.25,19,43,,91,0,,-4.0748082603735405,-4.0748082603735405,-3.0,-4.07,0.75,4.82,0,8,38,598
piso_025,v7g,B,2,1.0,0.25,20,43,,398,0,,0.999999728628769,0.999999728628769,-3.0,1.0,1.75,0.75,0,8,38,400
piso_050,v7g,B,0,1.0,0.5,1,19,,355,0,,0.9999991869030759,0.9999991869030759,-3.0,1.0,2.5,1.5,0,5,35,402
piso_050,v7g,B,0,1.0,0.5,2,19,,334,0,,0.9999991010454714,0.9999991010454714,-3.0,1.0,2.52,1.52,0,6,36,392
piso_050,v7g,B,0,1.0,0.5,3,19,,371,0,,0.9999999136941469,0.9999999136941469,-3.0,1.0,2.54,1.54,0,4,34,362
piso_050,v7g,B,0,1.0,0.5,4,19,,419,0,,0.9999999824210032,0.9999999824210032,-3.0,1.0,2.5,1.5,0,3,33,370
piso_050,v7g,B,0,1.0,0.5,5,19,,366,0,,0.9999994746768615,0.9999994746768615,-3.0,1.0,2.5,1.5,0,3,33,396
piso_050,v7g,B,0,1.0,0.5,6,19,,412,0,,0.9971698298116163,0.990473297921568,-3.0,1.0,2.63,1.63,0,5,35,358
piso_050,v7g,B,0,1.0,0.5,7,19,,379,0,,0.9999999948472715,0.9999999948472715,-3.0,1.0,2.5,1.5,0,3,33,369
piso_050,v7g,B,0,1.0,0.5,8,19,,379,0,,0.9999997695113743,0.9999997695113743,-3.0,1.0,2.5,1.5,0,6,36,374
piso_050,v7g,B,0,1.0,0.5,9,19,,407,0,,0.9999999989612867,0.9999999989612867,-3.0,1.0,2.5,1.5,0,3,33,388
piso_050,v7g,B,0,1.0,0.5,10,19,,405,0,,0.9999999777579993,0.9999999777579993,-3.0,1.0,2.5,1.5,0,5,35,376
piso_050,v7g,B,0,1.0,0.5,11,19,,379,0,,0.9999999659451159,0.9999999659451159,-3.0,1.0,2.5,1.5,0,3,33,383
piso_050,v7g,B,0,1.0,0.5,12,19,,417,0,,0.9999999996316511,0.9999999996316511,-3.0,1.0,2.5,1.5,0,3,33,369
piso_050,v7g,B,0,1.0,0.5,13,19,,396,0,,0.9999999975501981,0.9999999975501981,-3.0,1.0,2.5,1.5,0,5,35,369
piso_050,v7g,B,0,1.0,0.5,14,19,,362,0,,0.9999992679317857,0.9999992679317857,-3.0,1.0,2.5,1.5,0,5,35,395
piso_050,v7g,B,0,1.0,0.5,15,19,,364,0,,0.9999999039748193,0.9999999039748193,-3.0,1.0,2.5,1.5,0,3,33,399
piso_050,v7g,B,0,1.0,0.5,16,19,,406,0,,0.9999999998194242,0.9999999998194242,-3.0,1.0,2.53,1.53,0,4,34,356
piso_050,v7g,B,0,1.0,0.5,17,19,,338,0,,0.9999998808899557,0.9999998808899557,-3.0,1.0,2.5,1.5,0,5,35,375
piso_050,v7g,B,0,1.0,0.5,18,19,,388,0,,0.9999998332841686,0.9999998332841686,-3.0,1.0,2.5,1.5,0,5,35,395
piso_050,v7g,B,0,1.0,0.5,19,19,,440,0,,0.9996309603557325,0.9860565603551872,-3.0,1.0,2.84,1.84,0,5,35,362
piso_050,v7g,B,0,1.0,0.5,20,19,,392,0,,0.9999999806368377,0.9999999806368377,-3.0,1.0,2.5,1.5,0,3,33,396
piso_050,v7g,B,1,1.0,0.5,1,24,,365,0,,0.9999998049845571,0.9999998049845571,-3.0,1.0,2.5,1.5,0,6,36,405
piso_050,v7g,B,1,1.0,0.5,2,24,,329,0,,0.9999972617500317,0.9999972617500317,-3.0,1.0,2.5,1.5,0,6,36,445
piso_050,v7g,B,1,1.0,0.5,3,57,,321,0,,0.9987265734824929,0.9987265734824929,-3.0,1.0,2.5,1.5,0,11,41,441
piso_050,v7g,B,1,1.0,0.5,4,50,,225,0,,-3.1541156904128336,-2.950493175109254,-2.95,0.99,2.6,1.61,0,6,36,508
piso_050,v7g,B,1,1.0,0.5,5,23,,424,0,,0.999999994527669,0.999999994527669,-3.0,1.0,2.5,1.5,0,6,36,372
piso_050,v7g,B,1,1.0,0.5,6,24,,62,0,,-4.301125146390383,-4.3065655653064825,-3.0,-4.31,0.5,4.81,0,0,30,574
piso_050,v7g,B,1,1.0,0.5,7,25,,58,0,,-4.183011574882297,-4.0638986412279525,-3.0,-4.06,1.0,5.06,0,1,31,566
piso_050,v7g,B,1,1.0,0.5,8,63,,271,0,,0.9564025910037948,0.9564025910037948,-3.0,1.0,2.5,1.5,0,11,41,469
piso_050,v7g,B,1,1.0,0.5,9,43,,444,0,,0.9990185231472594,0.9919287424913228,-3.0,1.0,2.65,1.65,0,6,36,392
piso_050,v7g,B,1,1.0,0.5,10,47,,412,0,,0.9979934794057701,0.9852921861583401,-3.0,1.0,2.64,1.64,0,7,37,389
piso_050,v7g,B,1,1.0,0.5,11,47,,464,0,,0.9986963446607509,0.9935927521019638,-3.0,1.0,3.05,2.05,0,6,36,346
piso_050,v7g,B,1,1.0,0.5,12,25,,405,0,,0.9999999774655168,0.9999999774655168,-3.0,1.0,2.5,1.5,0,7,37,405
piso_050,v7g,B,1,1.0,0.5,13,24,,394,0,,0.999999981032744,0.999999981032744,-3.0,1.0,2.5,1.5,0,7,37,379
piso_050,v7g,B,1,1.0,0.5,14,24,,413,0,,0.9999999773018433,0.9999999773018433,-3.0,1.0,2.5,1.5,0,7,37,363
piso_050,v7g,B,1,1.0,0.5,15,25,,397,0,,0.9999999198935969,0.9999999198935969,-3.0,1.0,2.5,1.5,0,8,38,380
piso_050,v7g,B,1,1.0,0.5,16,24,,243,0,,0.9959153082936893,0.9959153082936893,-3.0,1.0,2.5,1.5,0,6,36,465
piso_050,v7g,B,1,1.0,0.5,17,24,,405,0,,0.9999999956973322,0.9999999956973322,-3.0,1.0,2.5,1.5,0,6,36,381
piso_050,v7g,B,1,1.0,0.5,18,51,,193,0,,-4.191816735838049,-4.122589933947882,-2.8,1.0,2.5,1.5,0,8,38,505
piso_050,v7g,B,1,1.0,0.5,19,24,,67,0,,-4.305260071292238,-4.314098065863465,-3.0,-4.31,0.5,4.81,0,0,30,567
piso_050,v7g,B,1,1.0,0.5,20,59,,112,0,,-4.032751818329198,-3.868500046674211,-3.75,-3.87,1.55,5.42,0,5,35,578
piso_050,v7g,B,2,1.0,0.5,1,41,,404,0,,0.9999999718033052,0.9999999718033052,-3.0,1.0,2.5,1.5,0,9,39,391
piso_050,v7g,B,2,1.0,0.5,2,41,,90,0,,-4.077621983824594,-4.077621983824594,-3.0,-3.62,1.96,5.58,0,8,38,591
piso_050,v7g,B,2,1.0,0.5,3,43,,369,0,,0.9999996727545366,0.9999996727545366,-3.0,1.0,2.5,1.5,0,11,41,402
piso_050,v7g,B,2,1.0,0.5,4,42,,392,0,,0.999999903922681,0.999999903922681,-3.0,1.0,2.5,1.5,0,11,41,388
piso_050,v7g,B,2,1.0,0.5,5,42,,365,0,,0.9999996104447797,0.9999996104447797,-3.0,1.0,2.5,1.5,0,9,39,390
piso_050,v7g,B,2,1.0,0.5,6,44,,356,0,,0.9999842417620193,0.9999842417620193,-3.0,1.0,2.5,1.5,0,11,41,391
piso_050,v7g,B,2,1.0,0.5,7,42,,92,0,,-4.023553242280178,-4.023553242280178,-3.0,-4.02,1.5,5.52,0,8,38,607
piso_050,v7g,B,2,1.0,0.5,8,38,,428,0,,0.9999999867349842,0.9999999867349842,-3.0,1.0,2.5,1.5,0,9,39,358
piso_050,v7g,B,2,1.0,0.5,9,40,,430,0,,0.999999998044522,0.999999998044522,-3.0,1.0,2.5,1.5,0,9,39,354
piso_050,v7g,B,2,1.0,0.5,10,43,,481,0,,0.9999999997446183,0.9999999997446183,-3.0,1.0,2.5,1.5,0,10,40,374
piso_050,v7g,B,2,1.0,0.5,11,40,,334,0,,0.9999629916826972,0.9999629916826972,-3.0,1.0,2.5,1.5,0,11,41,425
piso_050,v7g,B,2,1.0,0.5,12,52,,343,0,,0.9958129265852067,0.9641459555024745,-3.0,1.0,2.55,1.55,0,9,39,415
piso_050,v7g,B,2,1.0,0.5,13,40,,428,0,,0.9999999940462092,0.9999999940462092,-3.0,1.0,2.5,1.5,0,10,40,351
piso_050,v7g,B,2,1.0,0.5,14,43,,413,0,,0.9999999871799636,0.9999999871799636,-3.0,1.0,2.5,1.5,0,10,40,374
piso_050,v7g,B,2,1.0,0.5,15,44,,417,0,,0.9999998800838039,0.9999998800838039,-3.0,1.0,2.5,1.5,0,10,40,400
piso_050,v7g,B,2,1.0,0.5,16,38,,82,0,,-4.310625502257376,-4.310625502257376,-3.0,-4.31,1.5,5.81,0,8,38,591
piso_050,v7g,B,2,1.0,0.5,17,42,,375,0,,0.9999999683007317,0.9999999683007317,-3.0,1.0,2.63,1.63,0,9,39,393
piso_050,v7g,B,2,1.0,0.5,18,44,,91,0,,-4.0766334314633115,-4.0766334314633115,-3.0,-4.08,1.5,5.58,0,8,38,598
piso_050,v7g,B,2,1.0,0.5,19,43,,91,0,,-4.0748082603735405,-4.0748082603735405,-3.0,-4.07,1.5,5.57,0,8,38,598
piso_050,v7g,B,2,1.0,0.5,20,43,,398,0,,0.999999728628769,0.999999728628769,-3.0,1.0,2.5,1.5,0,8,38,400
piso_100,v7g,B,0,1.0,1.0,1,19,,355,0,,0.9999991869030749,0.9999991869030749,-3.0,1.0,3.99,2.99,0,5,35,402
piso_100,v7g,B,0,1.0,1.0,2,19,,334,0,,0.9999991010454716,0.9999991010454716,-3.0,1.0,4.01,3.01,0,6,36,392
piso_100,v7g,B,0,1.0,1.0,3,19,,371,0,,0.9999999136941466,0.9999999136941466,-3.0,1.0,4.03,3.03,0,4,34,362
piso_100,v7g,B,0,1.0,1.0,4,19,,419,0,,0.9999999824210029,0.9999999824210029,-3.0,1.0,3.99,2.99,0,3,33,370
piso_100,v7g,B,0,1.0,1.0,5,19,,366,0,,0.9999994746768611,0.9999994746768611,-3.0,1.0,3.99,2.99,0,3,33,396
piso_100,v7g,B,0,1.0,1.0,6,19,,412,0,,0.9971698298116163,0.9904732979215685,-3.0,1.0,4.12,3.12,0,5,35,358
piso_100,v7g,B,0,1.0,1.0,7,19,,379,0,,0.9999999948472712,0.9999999948472712,-3.0,1.0,3.98,2.98,0,3,33,369
piso_100,v7g,B,0,1.0,1.0,8,19,,379,0,,0.9999997695113738,0.9999997695113738,-3.0,1.0,4.0,3.0,0,6,36,374
piso_100,v7g,B,0,1.0,1.0,9,19,,407,0,,0.9999999989612867,0.9999999989612867,-3.0,1.0,3.99,2.99,0,3,33,388
piso_100,v7g,B,0,1.0,1.0,10,19,,405,0,,0.9999999777579995,0.9999999777579995,-3.0,1.0,3.99,2.99,0,5,35,376
piso_100,v7g,B,0,1.0,1.0,11,19,,379,0,,0.9999999659451159,0.9999999659451159,-3.0,1.0,3.99,2.99,0,3,33,383
piso_100,v7g,B,0,1.0,1.0,12,19,,417,0,,0.9999999996316508,0.9999999996316508,-3.0,1.0,3.99,2.99,0,3,33,369
piso_100,v7g,B,0,1.0,1.0,13,19,,396,0,,0.9999999975501983,0.9999999975501983,-3.0,1.0,3.99,2.99,0,5,35,369
piso_100,v7g,B,0,1.0,1.0,14,19,,362,0,,0.9999992679317857,0.9999992679317857,-3.0,1.0,3.99,2.99,0,5,35,395
piso_100,v7g,B,0,1.0,1.0,15,19,,364,0,,0.9999999039748196,0.9999999039748196,-3.0,1.0,3.99,2.99,0,3,33,399
piso_100,v7g,B,0,1.0,1.0,16,19,,406,0,,0.999999999819424,0.999999999819424,-3.0,1.0,4.03,3.03,0,4,34,356
piso_100,v7g,B,0,1.0,1.0,17,19,,338,0,,0.9999998808899557,0.9999998808899557,-3.0,1.0,3.99,2.99,0,5,35,375
piso_100,v7g,B,0,1.0,1.0,18,19,,388,0,,0.9999998332841677,0.9999998332841677,-3.0,1.0,3.99,2.99,0,5,35,395
piso_100,v7g,B,0,1.0,1.0,19,19,,440,0,,0.9996309603557325,0.9860565603551874,-3.0,1.0,4.34,3.34,0,5,35,362
piso_100,v7g,B,0,1.0,1.0,20,19,,392,0,,0.9999999806368377,0.9999999806368377,-3.0,1.0,4.0,3.0,0,3,33,396
piso_100,v7g,B,1,1.0,1.0,1,24,,365,0,,0.9999998049845573,0.9999998049845573,-3.0,1.0,4.0,3.0,0,6,36,405
piso_100,v7g,B,1,1.0,1.0,2,24,,329,0,,0.9999972617500308,0.9999972617500308,-3.0,1.0,4.0,3.0,0,6,36,445
piso_100,v7g,B,1,1.0,1.0,3,57,,321,0,,0.998726573482493,0.998726573482493,-3.0,1.0,4.0,3.0,0,11,41,441
piso_100,v7g,B,1,1.0,1.0,4,50,,225,0,,-3.1541156904128345,-2.950493175109254,-2.95,0.99,4.1,3.11,0,6,36,508
piso_100,v7g,B,1,1.0,1.0,5,23,,424,0,,0.999999994527669,0.999999994527669,-3.0,1.0,4.0,3.0,0,6,36,372
piso_100,v7g,B,1,1.0,1.0,6,24,,62,0,,-4.301125146390384,-4.306565565306483,-3.0,-4.31,0.75,5.05,0,0,30,574
piso_100,v7g,B,1,1.0,1.0,7,25,,58,0,,-4.183011574882297,-4.0638986412279525,-3.0,-4.06,1.87,5.93,0,1,31,566
piso_100,v7g,B,1,1.0,1.0,8,63,,271,0,,0.9564025910037948,0.9564025910037948,-3.0,1.0,4.0,3.0,0,11,41,469
piso_100,v7g,B,1,1.0,1.0,9,43,,444,0,,0.999018523147259,0.9919287424913212,-3.0,1.0,4.15,3.15,0,6,36,392
piso_100,v7g,B,1,1.0,1.0,10,47,,412,0,,0.9979934794057701,0.9852921861583401,-3.0,1.0,4.14,3.14,0,7,37,389
piso_100,v7g,B,1,1.0,1.0,11,47,,464,0,,0.9986963446607509,0.9935927521019641,-3.0,1.0,4.55,3.55,0,6,36,346
piso_100,v7g,B,1,1.0,1.0,12,25,,405,0,,0.9999999774655166,0.9999999774655166,-3.0,1.0,4.0,3.0,0,7,37,405
piso_100,v7g,B,1,1.0,1.0,13,24,,394,0,,0.9999999810327438,0.9999999810327438,-3.0,1.0,4.0,3.0,0,7,37,379
piso_100,v7g,B,1,1.0,1.0,14,24,,413,0,,0.9999999773018435,0.9999999773018435,-3.0,1.0,4.0,3.0,0,7,37,363
piso_100,v7g,B,1,1.0,1.0,15,25,,397,0,,0.9999999198935974,0.9999999198935974,-3.0,1.0,4.0,3.0,0,8,38,380
piso_100,v7g,B,1,1.0,1.0,16,24,,243,0,,0.9959153082936882,0.9959153082936882,-3.0,1.0,4.0,3.0,0,6,36,465
piso_100,v7g,B,1,1.0,1.0,17,24,,405,0,,0.9999999956973316,0.9999999956973316,-3.0,1.0,4.0,3.0,0,6,36,381
piso_100,v7g,B,1,1.0,1.0,18,51,,193,0,,-4.1918167358380485,-4.122589933947881,-2.8,1.0,4.0,3.0,0,8,38,505
piso_100,v7g,B,1,1.0,1.0,19,24,,67,0,,-4.305260071292238,-4.314098065863465,-3.0,-4.31,0.75,5.06,0,0,30,567
piso_100,v7g,B,1,1.0,1.0,20,59,,112,0,,-4.032751818329198,-3.868500046674211,-3.75,-3.87,3.05,6.92,0,5,35,578
piso_100,v7g,B,2,1.0,1.0,1,41,,404,0,,0.9999999718033055,0.9999999718033055,-3.0,1.0,4.0,3.0,0,9,39,391
piso_100,v7g,B,2,1.0,1.0,2,41,,90,0,,-4.077621983824596,-4.077621983824596,-3.0,-3.62,3.46,7.08,0,8,38,591
piso_100,v7g,B,2,1.0,1.0,3,43,,369,0,,0.9999996727545368,0.9999996727545368,-3.0,1.0,4.0,3.0,0,11,41,402
piso_100,v7g,B,2,1.0,1.0,4,42,,392,0,,0.9999999039226819,0.9999999039226819,-3.0,1.0,4.0,3.0,0,11,41,388
piso_100,v7g,B,2,1.0,1.0,5,42,,365,0,,0.9999996104447808,0.9999996104447808,-3.0,1.0,4.0,3.0,0,9,39,390
piso_100,v7g,B,2,1.0,1.0,6,44,,356,0,,0.9999842417620197,0.9999842417620197,-3.0,1.0,4.0,3.0,0,11,41,391
piso_100,v7g,B,2,1.0,1.0,7,42,,92,0,,-4.023553242280179,-4.023553242280179,-3.0,-4.02,2.87,6.9,0,8,38,607
piso_100,v7g,B,2,1.0,1.0,8,38,,428,0,,0.999999986734984,0.999999986734984,-3.0,1.0,4.0,3.0,0,9,39,358
piso_100,v7g,B,2,1.0,1.0,9,40,,430,0,,0.999999998044522,0.999999998044522,-3.0,1.0,4.0,3.0,0,9,39,354
piso_100,v7g,B,2,1.0,1.0,10,43,,481,0,,0.9999999997446192,0.9999999997446192,-3.0,1.0,4.0,3.0,0,10,40,374
piso_100,v7g,B,2,1.0,1.0,11,40,,334,0,,0.9999629916826975,0.9999629916826975,-3.0,1.0,4.0,3.0,0,11,41,425
piso_100,v7g,B,2,1.0,1.0,12,52,,343,0,,0.9958129265852067,0.9641459555024745,-3.0,1.0,4.05,3.05,0,9,39,415
piso_100,v7g,B,2,1.0,1.0,13,40,,428,0,,0.9999999940462097,0.9999999940462097,-3.0,1.0,4.0,3.0,0,10,40,351
piso_100,v7g,B,2,1.0,1.0,14,43,,413,0,,0.9999999871799634,0.9999999871799634,-3.0,1.0,4.0,3.0,0,10,40,374
piso_100,v7g,B,2,1.0,1.0,15,44,,417,0,,0.9999998800838048,0.9999998800838048,-3.0,1.0,4.0,3.0,0,10,40,400
piso_100,v7g,B,2,1.0,1.0,16,38,,82,0,,-4.310625502257373,-4.310625502257373,-3.0,-4.31,3.0,7.31,0,8,38,591
piso_100,v7g,B,2,1.0,1.0,17,42,,375,0,,0.9999999683007321,0.9999999683007321,-3.0,1.0,4.13,3.13,0,9,39,393
piso_100,v7g,B,2,1.0,1.0,18,44,,91,0,,-4.076633431463312,-4.076633431463312,-3.0,-4.08,2.87,6.95,0,8,38,598
piso_100,v7g,B,2,1.0,1.0,19,43,,91,0,,-4.0748082603735405,-4.0748082603735405,-3.0,-4.07,2.79,6.87,0,8,38,598
piso_100,v7g,B,2,1.0,1.0,20,43,,398,0,,0.9999997286287696,0.9999997286287696,-3.0,1.0,4.0,3.0,0,8,38,400
total,v7g,B,0,1.0,0.0,1,19,,355,0,,0.9999991869030759,0.9999991869030759,-3.0,1.0,1.0,0.0,0,5,35,402
total,v7g,B,0,1.0,0.0,2,19,,334,0,,0.9999991010454714,0.9999991010454714,-3.0,1.0,1.02,0.02,0,6,36,392
total,v7g,B,0,1.0,0.0,3,19,,371,0,,0.9999999136941471,0.9999999136941471,-3.0,1.0,1.04,0.04,0,4,34,362
total,v7g,B,0,1.0,0.0,4,19,,419,0,,0.9999999824210033,0.9999999824210033,-3.0,1.0,1.0,0.0,0,3,33,370
total,v7g,B,0,1.0,0.0,5,19,,366,0,,0.9999994746768615,0.9999994746768615,-3.0,1.0,1.0,0.0,0,3,33,396
total,v7g,B,0,1.0,0.0,6,19,,412,0,,0.9971698298116167,0.9904732979215686,-3.0,1.0,1.13,0.13,0,5,35,358
total,v7g,B,0,1.0,0.0,7,19,,379,0,,0.9999999948472712,0.9999999948472712,-3.0,1.0,1.0,0.0,0,3,33,369
total,v7g,B,0,1.0,0.0,8,19,,379,0,,0.9999997695113743,0.9999997695113743,-3.0,1.0,1.0,0.0,0,6,36,374
total,v7g,B,0,1.0,0.0,9,19,,407,0,,0.9999999989612864,0.9999999989612864,-3.0,1.0,1.0,0.0,0,3,33,388
total,v7g,B,0,1.0,0.0,10,19,,405,0,,0.9999999777579991,0.9999999777579991,-3.0,1.0,1.0,0.0,0,5,35,376
total,v7g,B,0,1.0,0.0,11,19,,379,0,,0.9999999659451164,0.9999999659451164,-3.0,1.0,1.0,0.0,0,3,33,383
total,v7g,B,0,1.0,0.0,12,19,,417,0,,0.9999999996316511,0.9999999996316511,-3.0,1.0,1.0,0.0,0,3,33,369
total,v7g,B,0,1.0,0.0,13,19,,396,0,,0.9999999975501981,0.9999999975501981,-3.0,1.0,1.0,0.0,0,5,35,369
total,v7g,B,0,1.0,0.0,14,19,,362,0,,0.999999267931786,0.999999267931786,-3.0,1.0,1.0,0.0,0,5,35,395
total,v7g,B,0,1.0,0.0,15,19,,364,0,,0.9999999039748191,0.9999999039748191,-3.0,1.0,1.0,0.0,0,3,33,399
total,v7g,B,0,1.0,0.0,16,19,,406,0,,0.9999999998194238,0.9999999998194238,-3.0,1.0,1.03,0.03,0,4,34,356
total,v7g,B,0,1.0,0.0,17,19,,338,0,,0.9999998808899555,0.9999998808899555,-3.0,1.0,1.0,0.0,0,5,35,375
total,v7g,B,0,1.0,0.0,18,19,,388,0,,0.9999998332841689,0.9999998332841689,-3.0,1.0,1.0,0.0,0,5,35,395
total,v7g,B,0,1.0,0.0,19,19,,440,0,,0.9996309603557326,0.9860565603551874,-3.0,1.0,1.34,0.34,0,5,35,362
total,v7g,B,0,1.0,0.0,20,19,,392,0,,0.9999999806368378,0.9999999806368378,-3.0,1.0,1.0,0.0,0,3,33,396
total,v7g,B,1,1.0,0.0,1,24,,365,0,,0.9999998049845571,0.9999998049845571,-3.0,1.0,1.0,0.0,0,6,36,405
total,v7g,B,1,1.0,0.0,2,24,,329,0,,0.9999972617500318,0.9999972617500318,-3.0,1.0,1.0,0.0,0,6,36,445
total,v7g,B,1,1.0,0.0,3,57,,321,0,,0.9987265734824928,0.9987265734824928,-3.0,1.0,1.0,0.0,0,11,41,441
total,v7g,B,1,1.0,0.0,4,50,,225,0,,-3.1541156904128336,-2.950493175109254,-2.95,0.99,1.1,0.11,0,6,36,508
total,v7g,B,1,1.0,0.0,5,23,,424,0,,0.9999999945276691,0.9999999945276691,-3.0,1.0,1.0,0.0,0,6,36,372
total,v7g,B,1,1.0,0.0,6,24,,62,0,,-4.301125146390384,-4.306565565306483,-3.0,-4.31,0.0,4.31,0,0,30,574
total,v7g,B,1,1.0,0.0,7,25,,58,0,,-4.183011574882297,-4.063898641227953,-3.0,-4.06,0.0,4.06,0,1,31,566
total,v7g,B,1,1.0,0.0,8,63,,271,0,,0.9564025910037948,0.9564025910037948,-3.0,1.0,1.0,0.0,0,11,41,469
total,v7g,B,1,1.0,0.0,9,43,,444,0,,0.9990185231472598,0.9919287424913235,-3.0,1.0,1.15,0.15,0,6,36,392
total,v7g,B,1,1.0,0.0,10,47,,412,0,,0.9979934794057704,0.9852921861583406,-3.0,1.0,1.14,0.14,0,7,37,389
total,v7g,B,1,1.0,0.0,11,47,,464,0,,0.9986963446607509,0.9935927521019634,-3.0,1.0,1.55,0.55,0,6,36,346
total,v7g,B,1,1.0,0.0,12,25,,405,0,,0.9999999774655167,0.9999999774655167,-3.0,1.0,1.0,0.0,0,7,37,405
total,v7g,B,1,1.0,0.0,13,24,,394,0,,0.999999981032744,0.999999981032744,-3.0,1.0,1.0,0.0,0,7,37,379
total,v7g,B,1,1.0,0.0,14,24,,413,0,,0.9999999773018431,0.9999999773018431,-3.0,1.0,1.0,0.0,0,7,37,363
total,v7g,B,1,1.0,0.0,15,25,,397,0,,0.9999999198935969,0.9999999198935969,-3.0,1.0,1.0,0.0,0,8,38,380
total,v7g,B,1,1.0,0.0,16,24,,243,0,,0.9959153082936893,0.9959153082936893,-3.0,1.0,1.0,0.0,0,6,36,465
total,v7g,B,1,1.0,0.0,17,24,,405,0,,0.9999999956973323,0.9999999956973323,-3.0,1.0,1.0,0.0,0,6,36,381
total,v7g,B,1,1.0,0.0,18,51,,193,0,,-4.1918167358380485,-4.122589933947881,-2.8,1.0,1.0,0.0,0,8,38,505
total,v7g,B,1,1.0,0.0,19,24,,67,0,,-4.305260071292238,-4.314098065863466,-3.0,-4.31,0.0,4.31,0,0,30,567
total,v7g,B,1,1.0,0.0,20,59,,112,0,,-4.032751818329198,-3.868500046674211,-3.75,-3.87,0.05,3.92,0,5,35,578
total,v7g,B,2,1.0,0.0,1,41,,404,0,,0.9999999718033054,0.9999999718033054,-3.0,1.0,1.0,0.0,0,9,39,391
total,v7g,B,2,1.0,0.0,2,41,,90,0,,-4.077621983824594,-4.077621983824594,-3.0,-3.62,0.46,4.08,0,8,38,591
total,v7g,B,2,1.0,0.0,3,43,,369,0,,0.9999996727545367,0.9999996727545367,-3.0,1.0,1.0,0.0,0,11,41,402
total,v7g,B,2,1.0,0.0,4,42,,392,0,,0.9999999039226809,0.9999999039226809,-3.0,1.0,1.0,0.0,0,11,41,388
total,v7g,B,2,1.0,0.0,5,42,,365,0,,0.9999996104447797,0.9999996104447797,-3.0,1.0,1.0,0.0,0,9,39,390
total,v7g,B,2,1.0,0.0,6,44,,356,0,,0.9999842417620196,0.9999842417620196,-3.0,1.0,1.0,0.0,0,11,41,391
total,v7g,B,2,1.0,0.0,7,42,,92,0,,-4.023553242280178,-4.023553242280178,-3.0,-4.02,0.0,4.02,0,8,38,607
total,v7g,B,2,1.0,0.0,8,38,,428,0,,0.9999999867349845,0.9999999867349845,-3.0,1.0,1.0,0.0,0,9,39,358
total,v7g,B,2,1.0,0.0,9,40,,430,0,,0.9999999980445222,0.9999999980445222,-3.0,1.0,1.0,0.0,0,9,39,354
total,v7g,B,2,1.0,0.0,10,43,,481,0,,0.9999999997446181,0.9999999997446181,-3.0,1.0,1.0,0.0,0,10,40,374
total,v7g,B,2,1.0,0.0,11,40,,334,0,,0.9999629916826971,0.9999629916826971,-3.0,1.0,1.0,0.0,0,11,41,425
total,v7g,B,2,1.0,0.0,12,52,,343,0,,0.9958129265852065,0.964145955502475,-3.0,1.0,1.05,0.05,0,9,39,415
total,v7g,B,2,1.0,0.0,13,40,,428,0,,0.9999999940462091,0.9999999940462091,-3.0,1.0,1.0,0.0,0,10,40,351
total,v7g,B,2,1.0,0.0,14,43,,413,0,,0.9999999871799639,0.9999999871799639,-3.0,1.0,1.0,0.0,0,10,40,374
total,v7g,B,2,1.0,0.0,15,44,,417,0,,0.9999998800838035,0.9999998800838035,-3.0,1.0,1.0,0.0,0,10,40,400
total,v7g,B,2,1.0,0.0,16,38,,82,0,,-4.310625502257374,-4.310625502257374,-3.0,-4.31,0.0,4.31,0,8,38,591
total,v7g,B,2,1.0,0.0,17,42,,375,0,,0.999999968300731,0.999999968300731,-3.0,1.0,1.13,0.13,0,9,39,393
total,v7g,B,2,1.0,0.0,18,44,,91,0,,-4.076633431463312,-4.076633431463312,-3.0,-4.08,0.0,4.08,0,8,38,598
total,v7g,B,2,1.0,0.0,19,43,,91,0,,-4.0748082603735405,-4.0748082603735405,-3.0,-4.07,0.0,4.07,0,8,38,598
total,v7g,B,2,1.0,0.0,20,43,,398,0,,0.9999997286287693,0.9999997286287693,-3.0,1.0,1.0,0.0,0,8,38,400
v6,v6s,B,0,,,1,19,,401,0,,0.9999999766892734,0.9999999766892734,-3.0,1.0,3.98,2.98,1,,,373
v6,v6s,B,0,,,2,19,,387,0,,0.999999985447847,0.999999985447847,-3.0,1.0,3.98,2.98,1,,,389
v6,v6s,B,0,,,3,19,,433,0,,0.9999999992870577,0.9999999992870577,-3.0,1.0,3.99,2.99,1,,,365
v6,v6s,B,0,,,4,19,,419,0,,0.9999999824210029,0.9999999824210029,-3.0,1.0,3.99,2.99,1,,,370
v6,v6s,B,0,,,5,19,,366,0,,0.9999994746768611,0.9999994746768611,-3.0,1.0,3.99,2.99,1,,,396
v6,v6s,B,0,,,6,19,,348,0,,0.9999998840779005,0.9999998840779005,-3.0,1.0,3.99,2.99,1,,,399
v6,v6s,B,0,,,7,19,,379,0,,0.9999999948472712,0.9999999948472712,-3.0,1.0,3.98,2.98,1,,,369
v6,v6s,B,0,,,8,19,,393,0,,0.9999999964603725,0.9999999964603725,-3.0,1.0,3.99,2.99,1,,,370
v6,v6s,B,0,,,9,19,,407,0,,0.9999999989612867,0.9999999989612867,-3.0,1.0,3.99,2.99,1,,,388
v6,v6s,B,0,,,10,19,,412,0,,0.9999999943237806,0.9999999943237806,-3.0,1.0,3.99,2.99,1,,,372
v6,v6s,B,0,,,11,19,,379,0,,0.9999999659451159,0.9999999659451159,-3.0,1.0,3.99,2.99,1,,,383
v6,v6s,B,0,,,12,19,,417,0,,0.9999999996316508,0.9999999996316508,-3.0,1.0,3.99,2.99,1,,,369
v6,v6s,B,0,,,13,19,,473,0,,0.9999999998269056,0.9999999998269056,-3.0,1.0,3.99,2.99,1,,,345
v6,v6s,B,0,,,14,19,,392,0,,0.9999995231346865,0.9999995231346865,-3.0,1.0,3.98,2.98,1,,,388
v6,v6s,B,0,,,15,19,,364,0,,0.9999999039748196,0.9999999039748196,-3.0,1.0,3.99,2.99,1,,,399
v6,v6s,B,0,,,16,19,,353,0,,0.9999999690100555,0.9999999690100555,-3.0,1.0,3.99,2.99,1,,,370
v6,v6s,B,0,,,17,19,,376,0,,0.9999999787718912,0.9999999787718912,-3.0,1.0,3.99,2.99,1,,,367
v6,v6s,B,0,,,18,19,,367,0,,0.9999999787486581,0.9999999787486581,-3.0,1.0,3.99,2.99,1,,,377
v6,v6s,B,0,,,19,19,,386,0,,0.9999999824104793,0.9999999824104793,-3.0,1.0,3.99,2.99,1,,,354
v6,v6s,B,0,,,20,19,,392,0,,0.9999999806368377,0.9999999806368377,-3.0,1.0,4.0,3.0,1,,,396
v7_control,v7g,B,0,0.0,,1,19,,355,0,,0.9999991869030753,0.9999991869030753,-3.0,1.0,4.4,3.4,0,5,35,402
v7_control,v7g,B,0,0.0,,2,19,,334,0,,0.9999991010454714,0.9999991010454714,-3.0,1.0,4.51,3.51,0,6,36,392
v7_control,v7g,B,0,0.0,,3,19,,371,0,,0.9999999136941464,0.9999999136941464,-3.0,1.0,4.55,3.55,0,4,34,362
v7_control,v7g,B,0,0.0,,4,19,,419,0,,0.9999999824210029,0.9999999824210029,-3.0,1.0,3.99,2.99,0,3,33,370
v7_control,v7g,B,0,0.0,,5,19,,366,0,,0.9999994746768611,0.9999994746768611,-3.0,1.0,3.99,2.99,0,3,33,396
v7_control,v7g,B,0,0.0,,6,19,,412,0,,0.9971698298116165,0.9904732979215685,-3.0,1.0,4.69,3.69,0,5,35,358
v7_control,v7g,B,0,0.0,,7,19,,379,0,,0.9999999948472712,0.9999999948472712,-3.0,1.0,3.98,2.98,0,3,33,369
v7_control,v7g,B,0,0.0,,8,19,,379,0,,0.999999769511374,0.999999769511374,-3.0,1.0,4.94,3.94,0,6,36,374
v7_control,v7g,B,0,0.0,,9,19,,407,0,,0.9999999989612867,0.9999999989612867,-3.0,1.0,3.99,2.99,0,3,33,388
v7_control,v7g,B,0,0.0,,10,19,,405,0,,0.9999999777579998,0.9999999777579998,-3.0,1.0,4.37,3.37,0,5,35,376
v7_control,v7g,B,0,0.0,,11,19,,379,0,,0.9999999659451159,0.9999999659451159,-3.0,1.0,3.99,2.99,0,3,33,383
v7_control,v7g,B,0,0.0,,12,19,,417,0,,0.9999999996316508,0.9999999996316508,-3.0,1.0,3.99,2.99,0,3,33,369
v7_control,v7g,B,0,0.0,,13,19,,396,0,,0.9999999975501979,0.9999999975501979,-3.0,1.0,4.43,3.43,0,5,35,369
v7_control,v7g,B,0,0.0,,14,19,,362,0,,0.9999992679317857,0.9999992679317857,-3.0,1.0,4.25,3.25,0,5,35,395
v7_control,v7g,B,0,0.0,,15,19,,364,0,,0.9999999039748196,0.9999999039748196,-3.0,1.0,3.99,2.99,0,3,33,399
v7_control,v7g,B,0,0.0,,16,19,,406,0,,0.999999999819424,0.999999999819424,-3.0,1.0,4.54,3.54,0,4,34,356
v7_control,v7g,B,0,0.0,,17,19,,338,0,,0.9999998808899557,0.9999998808899557,-3.0,1.0,4.19,3.19,0,5,35,375
v7_control,v7g,B,0,0.0,,18,19,,388,0,,0.9999998332841677,0.9999998332841677,-3.0,1.0,4.12,3.12,0,5,35,395
v7_control,v7g,B,0,0.0,,19,19,,440,0,,0.9996309603557325,0.9860565603551865,-3.0,1.0,5.0,4.0,0,5,35,362
v7_control,v7g,B,0,0.0,,20,19,,392,0,,0.9999999806368377,0.9999999806368377,-3.0,1.0,4.0,3.0,0,3,33,396
v7_control,v7g,B,1,0.0,,1,24,,437,0,,0.999999999575615,0.999999999575615,-2.94,1.0,8.63,7.63,0,7,37,381
v7_control,v7g,B,1,0.0,,2,24,,426,0,,0.9999999940411333,0.9999999940411333,-2.49,1.0,8.67,7.67,0,6,36,487
v7_control,v7g,B,1,0.0,,3,57,,762,0,,0.5466613143775803,0.5466613143775803,-1.83,0.55,9.0,8.45,1,60,90,742
v7_control,v7g,B,1,0.0,,4,50,,3872,0,,0.0,0.0,0.0,0.0,9.0,9.0,1,60,90,2509
v7_control,v7g,B,1,0.0,,5,23,,422,0,,0.9999999971721141,0.9999999971721141,-2.82,1.0,8.48,7.48,0,7,37,374
v7_control,v7g,B,1,0.0,,6,24,,62,0,,-4.301125146390384,-4.306565565306483,-3.0,-4.31,0.75,5.05,0,0,30,574
v7_control,v7g,B,1,0.0,,7,25,,58,0,,-4.183011574882297,-4.0638986412279525,-3.0,-4.06,1.87,5.93,0,1,31,566
v7_control,v7g,B,1,0.0,,8,63,,690,0,,0.14034570308700145,0.14034570308700145,-1.78,0.14,9.0,8.86,1,60,90,817
v7_control,v7g,B,1,0.0,,9,43,,4777,0,,0.0,0.0,0.0,0.0,9.0,9.0,1,60,90,2536
v7_control,v7g,B,1,0.0,,10,47,,4874,0,,0.0,0.0,0.0,0.0,9.0,9.0,1,60,90,2583
v7_control,v7g,B,1,0.0,,11,47,,4740,0,,0.0,0.0,0.0,0.0,9.0,9.0,1,60,90,2509
v7_control,v7g,B,1,0.0,,12,25,,784,0,,0.9999999999999938,0.9999999999999938,-1.62,1.0,8.62,7.62,0,60,90,948
v7_control,v7g,B,1,0.0,,13,24,,468,0,,0.999999999727812,0.999999999727812,-2.51,1.0,8.84,7.84,0,7,37,440
v7_control,v7g,B,1,0.0,,14,24,,449,0,,0.9999999974061642,0.9999999974061642,-3.0,1.0,8.55,7.55,0,8,38,372
v7_control,v7g,B,1,0.0,,15,25,,450,0,,0.9999999999010067,0.9999999999010067,-3.0,1.0,8.62,7.62,0,9,39,400
v7_control,v7g,B,1,0.0,,16,24,,230,0,,0.7747890278135889,0.7747890278135889,-2.9,0.77,9.0,8.23,1,7,37,487
v7_control,v7g,B,1,0.0,,17,24,,460,0,,0.9999999998557123,0.9999999998557123,-2.57,1.0,8.48,7.48,0,7,37,426
v7_control,v7g,B,1,0.0,,18,51,,3116,0,,0.0,0.0,0.0,0.0,9.0,9.0,1,60,90,2478
v7_control,v7g,B,1,0.0,,19,24,,67,0,,-4.305260071292238,-4.314098065863465,-3.0,-4.31,0.75,5.06,0,0,30,567
v7_control,v7g,B,1,0.0,,20,59,,2480,0,,0.0,0.0,-0.51,0.0,9.0,9.0,1,60,90,2411
v7_control,v7g,B,2,0.0,,1,41,,408,0,,0.9999999909072561,0.9999999909072561,-3.0,1.0,7.56,6.56,0,11,41,380
v7_control,v7g,B,2,0.0,,2,41,,188,0,,-3.635232896426661,-3.635232896426661,-2.21,0.99,8.7,7.71,0,11,41,554
v7_control,v7g,B,2,0.0,,3,43,,403,0,,0.9999934862965474,0.9999934862965474,-3.0,1.0,7.48,6.48,0,11,41,404
v7_control,v7g,B,2,0.0,,4,42,,438,0,,0.9999992226518333,0.9999992226518333,-2.99,1.0,7.72,6.72,0,12,42,376
v7_control,v7g,B,2,0.0,,5,42,,4650,0,,0.7033015131996563,0.7033015131996563,0.0,0.7,9.0,8.3,1,60,90,2527
v7_control,v7g,B,2,0.0,,6,44,,4026,0,,0.9999999999999929,0.9999999999999929,0.0,1.0,8.58,7.58,0,60,90,2611
v7_control,v7g,B,2,0.0,,7,42,,93,0,,-3.727101080262484,-3.727101080262484,-3.0,-3.3,4.22,7.52,0,8,38,607
v7_control,v7g,B,2,0.0,,8,38,,407,0,,0.9999999900038685,0.9999999900038685,-3.0,1.0,7.51,6.51,0,9,39,363
v7_control,v7g,B,2,0.0,,9,40,,1097,0,,0.9999999999999929,0.9999999999999929,-1.32,1.0,8.27,7.27,0,60,90,1347
v7_control,v7g,B,2,0.0,,10,43,,399,0,,0.9999877320835302,0.9999877320835302,-3.0,1.0,8.46,7.46,0,11,41,393
v7_control,v7g,B,2,0.0,,11,40,,3628,0,,0.9999999999999929,0.9999999999999929,0.0,1.0,8.54,7.54,0,60,90,2547
v7_control,v7g,B,2,0.0,,12,52,,3992,0,,0.4413884141014175,0.4413884141014175,-0.13,0.44,9.0,8.56,1,60,90,2522
v7_control,v7g,B,2,0.0,,13,40,,474,0,,0.9999989148623825,0.9999989148623825,-2.52,1.0,8.31,7.31,0,10,40,420
v7_control,v7g,B,2,0.0,,14,43,,421,0,,0.9999934669263579,0.9999934669263579,-2.85,1.0,8.32,7.32,0,10,40,367
v7_control,v7g,B,2,0.0,,15,44,,1024,0,,0.9999999999999241,0.9999999999999241,-1.42,1.0,8.13,7.13,0,60,90,1234
v7_control,v7g,B,2,0.0,,16,38,,2958,0,,0.6703238736201738,0.6703238736201738,-0.11,0.67,9.0,8.33,1,60,90,2422
v7_control,v7g,B,2,0.0,,17,42,,352,0,,0.9999999850933383,0.9999999850933383,-3.0,1.0,7.58,6.58,0,11,41,395
v7_control,v7g,B,2,0.0,,18,44,,2370,0,,0.9754168644670091,0.9754168644670091,-0.05,1.0,8.55,7.55,0,60,90,2384
v7_control,v7g,B,2,0.0,,19,43,,141,0,,-3.7401738431278293,-3.7401738431278293,-2.11,0.85,8.34,7.49,0,11,41,579
v7_control,v7g,B,2,0.0,,20,43,,398,0,,0.9999997286287696,0.9999997286287696,-3.0,1.0,7.12,6.12,0,8,38,400
