bloque,cond,plast,paso_t,lam,seed,t_techo,techo_primero,n_techo,deaths,mv_tot,mc_tot,splits,celdas,t_agot,err_max,Nstar,Mmax,W_A_fin,W_B_fin
C,C_F20,False,20000,0.0,1,50853,"('D', 'Wn', 50853)",2549,577,1086,2221,0,30,,2.491,3,4,,
C,C_F20,False,20000,0.0,2,86014,"('D', 'Wn', 86014)",1245,575,636,1647,0,30,,1.6826,4,9,,
C,C_F20,False,20000,0.0,3,211871,"('E12', 'Wn', 211871)",562,589,465,1453,0,30,,1.6304,7,7,,
C,C_F20,False,20000,0.0,4,165591,"('E09', 'Wp', 165591)",1199,559,625,1718,0,30,,1.8108,5,9,,
C,C_F20,False,20000,0.0,5,166523,"('E08', 'Wn', 166523)",1241,561,658,1772,0,30,,1.904,5,8,,
C,C_F20,False,20000,0.0,6,178993,"('D', 'Wn', 178993)",1845,532,922,2141,0,30,,1.9329,7,8,,
C,C_F20,False,20000,0.0,7,80425,"('D', 'Wn', 80425)",3556,583,1618,2819,0,30,,2.7654,3,6,,
C,C_F20,False,20000,0.0,8,47000,"('D', 'Wn', 47000)",3451,681,1679,2442,0,30,,2.5691,3,6,,
C,C_F20,False,20000,0.0,9,158706,"('E08', 'Wn', 158706)",880,639,595,1478,0,30,,2.11,6,9,,
C,C_F20,False,20000,0.0,10,114327,"('E06', 'Wn', 114327)",3233,612,1591,2550,0,30,,2.4578,5,6,,
C,C_F20,False,20000,0.0,11,114154,"('D', 'Wn', 114154)",1799,591,836,1828,0,30,,2.1614,3,7,,
C,C_F20,False,20000,0.0,12,251970,"('E08', 'Wn', 251970)",913,588,507,1584,0,30,,2.0363,7,7,,
C,C_F20,False,20000,0.0,13,137577,"('C', 'Wp', 137577)",1268,596,672,1652,0,30,,1.6651,7,7,,
C,C_F20,False,20000,0.0,14,89658,"('E06', 'Wn', 89658)",4542,630,2108,3257,0,30,,2.6485,4,6,,
C,C_F20,False,20000,0.0,15,140097,"('E08', 'Wn', 140097)",1399,563,656,1703,0,30,,1.6354,3,9,,
C,C_F20,False,20000,0.0,16,125624,"('E05', 'Wp', 125624)",2271,619,1153,2219,0,30,,2.3748,5,6,,
C,C_F20,False,20000,0.0,17,135374,"('E05', 'Wp', 135374)",3335,604,1644,2804,0,30,,2.4231,5,7,,
C,C_F20,False,20000,0.0,18,80580,"('E06', 'Wn', 80580)",2538,534,1119,2337,0,30,,2.2917,4,8,,
C,C_F20,False,20000,0.0,19,98356,"('E06', 'Wn', 98356)",3367,642,1584,2619,0,30,,2.6223,4,8,,
C,C_F20,False,20000,0.0,20,150009,"('C', 'Wp', 150009)",1103,566,468,1565,0,30,,1.7175,3,7,,
C,C_F20,False,20000,0.05,1,237020,"('E08', 'Wn', 237020)",44,539,875,1901,0,30,,2.1123,3,5,,
C,C_F20,False,20000,0.05,2,,,0,561,472,1552,0,30,,1.1868,4,11,,
C,C_F20,False,20000,0.05,3,349060,"('E14', 'Wn', 349060)",23,567,437,1524,0,30,,1.1203,7,6,,
C,C_F20,False,20000,0.05,4,222776,"('E06', 'Wn', 222776)",7,529,477,1586,0,30,,1.9869,5,11,,
C,C_F20,False,20000,0.05,5,,,0,537,480,1548,0,30,,1.5924,5,8,,
C,C_F20,False,20000,0.05,6,,,0,522,557,1721,0,30,,1.9221,7,8,,
C,C_F20,False,20000,0.05,7,318536,"('E12', 'Wn', 318536)",11,555,592,1717,0,30,,2.1297,3,7,,
C,C_F20,False,20000,0.05,8,133248,"('D', 'Wn', 133248)",62,654,685,1473,0,30,,1.9092,3,6,,
C,C_F20,False,20000,0.05,9,275749,"('E14', 'Wn', 275749)",14,559,579,1573,0,30,,2.0291,6,8,,
C,C_F20,False,20000,0.05,10,304963,"('E08', 'Wn', 304963)",18,661,538,1376,0,30,,1.4634,5,5,,
C,C_F20,False,20000,0.05,11,,,0,527,507,1633,0,30,,1.3913,3,8,,
C,C_F20,False,20000,0.05,12,,,0,651,341,1284,0,30,,1.7355,7,9,,
C,C_F20,False,20000,0.05,13,,,0,560,522,1536,0,30,,1.8551,7,8,,
C,C_F20,False,20000,0.05,14,220995,"('E08', 'Wn', 220995)",65,571,703,1709,0,30,,1.9482,4,5,,
C,C_F20,False,20000,0.05,15,367577,"('E16', 'Wn', 367577)",9,581,439,1469,0,30,,1.4678,3,10,,
C,C_F20,False,20000,0.05,16,206302,"('E06', 'Wn', 206302)",79,546,637,1687,0,30,,1.9024,5,7,,
C,C_F20,False,20000,0.05,17,272875,"('E11', 'Wp', 272875)",118,582,550,1661,0,30,,1.1969,5,7,,
C,C_F20,False,20000,0.05,18,147335,"('E08', 'Wn', 147335)",29,497,607,1798,0,30,,1.667,4,10,,
C,C_F20,False,20000,0.05,19,223512,"('E06', 'Wn', 223512)",199,559,740,1892,0,30,,1.5709,4,9,,
C,C_F20,False,20000,0.05,20,,,0,572,446,1575,0,30,,1.8266,3,7,,
C,C_T20,True,20000,0.0,1,81178,"('E06', 'Wn', 81178)",29818,1455,14965,16390,60,90,116629,3.0,5,3,,
C,C_T20,True,20000,0.0,2,84511,"('E06', 'Wn', 84511)",31773,1352,15244,17001,60,90,104767,3.0,4,3,,
C,C_T20,True,20000,0.0,3,155095,"('B', 'Wn', 155095)",19668,1282,9727,10905,60,90,164324,3.0,7,6,,
C,C_T20,True,20000,0.0,4,107154,"('B', 'Wn', 107154)",30520,1469,14836,16310,60,90,113960,3.0,5,4,,
C,C_T20,True,20000,0.0,5,127382,"('E06', 'Wn', 127382)",17532,1086,8630,9723,60,90,239710,3.0,3,4,,
C,C_T20,True,20000,0.0,6,162935,"('E10', 'Wn', 162935)",5023,598,2328,3620,60,90,223487,3.0,6,6,,
C,C_T20,True,20000,0.0,7,107097,"('E05', 'Wp', 107097)",3407,657,1602,2589,60,90,294898,2.8457,3,6,,
C,C_T20,True,20000,0.0,8,46160,"('D', 'Wn', 46160)",18951,1429,9961,11314,60,90,68441,3.0,3,2,,
C,C_T20,True,20000,0.0,9,120268,"('E06', 'Wn', 120268)",27094,1251,13029,14788,60,90,146923,3.0,6,4,,
C,C_T20,True,20000,0.0,10,132667,"('E06', 'Wn', 132667)",19598,1143,9724,10757,60,90,216316,3.0,6,5,,
C,C_T20,True,20000,0.0,11,72267,"('D', 'Wn', 72267)",6545,712,2943,4149,60,90,209271,2.9998,3,3,,
C,C_T20,True,20000,0.0,12,184847,"('B', 'Wn', 184847)",18790,1121,9264,10467,60,90,191188,3.0,7,6,,
C,C_T20,True,20000,0.0,13,215190,"('E05', 'Wp', 215190)",1560,574,856,1995,60,90,358670,2.6982,7,8,,
C,C_T20,True,20000,0.0,14,88455,"('B', 'Wn', 88455)",29290,1362,14265,15585,60,90,130861,3.0,5,3,,
C,C_T20,True,20000,0.0,15,112619,"('B', 'Wn', 112619)",25997,1337,12836,13896,60,90,162612,3.0,3,5,,
C,C_T20,True,20000,0.0,16,105591,"('A', 'Wp', 105591)",25747,1342,12801,14401,60,90,165019,3.0,3,4,,
C,C_T20,True,20000,0.0,17,112419,"('E06', 'Wn', 112419)",16777,1070,8362,9761,60,90,136026,3.0,6,4,,
C,C_T20,True,20000,0.0,18,66146,"('C', 'Wp', 66146)",14633,991,6927,8155,60,90,130778,3.0,5,4,,
C,C_T20,True,20000,0.0,19,97231,"('B', 'Wn', 97231)",23542,1283,11548,12655,60,90,165638,3.0,5,5,,
C,C_T20,True,20000,0.0,20,93186,"('C', 'Wp', 93186)",7302,732,3461,4579,60,90,216590,3.0,3,5,,
C,C_T20,True,20000,0.05,1,323443,"('E12', 'Wn', 323443)",9,561,563,1706,46,76,,0.659,7,7,,
C,C_T20,True,20000,0.05,2,,,0,624,402,1344,24,54,,0.6463,4,11,,
C,C_T20,True,20000,0.05,3,,,0,552,600,1777,46,76,,0.6594,7,9,,
C,C_T20,True,20000,0.05,4,,,0,665,412,1294,35,65,,0.643,5,8,,
C,C_T20,True,20000,0.05,5,,,0,529,533,1557,41,71,,0.6441,3,8,,
C,C_T20,True,20000,0.05,6,,,0,542,481,1604,29,59,,0.6458,6,10,,
C,C_T20,True,20000,0.05,7,,,0,570,526,1583,50,80,,0.6704,3,6,,
C,C_T20,True,20000,0.05,8,,,0,572,610,1594,60,90,385752,0.6524,3,7,,
C,C_T20,True,20000,0.05,9,,,0,532,526,1656,52,82,,0.6423,6,7,,
C,C_T20,True,20000,0.05,10,,,0,619,633,1560,60,90,374941,0.8897,6,6,,
C,C_T20,True,20000,0.05,11,,,0,521,517,1604,50,80,,0.6512,3,10,,
C,C_T20,True,20000,0.05,12,,,0,523,486,1714,44,74,,0.6379,7,10,,
C,C_T20,True,20000,0.05,13,393532,"('E14', 'Wn', 393532)",2,545,484,1603,36,66,,0.631,7,8,,
C,C_T20,True,20000,0.05,14,,,0,577,659,1671,60,90,374131,1.2363,5,8,,
C,C_T20,True,20000,0.05,15,291965,"('D', 'Wn', 291965)",30,528,736,1880,60,90,299424,1.0277,3,10,,
C,C_T20,True,20000,0.05,16,257423,"('E12', 'Wn', 257423)",23,557,654,1743,56,86,,0.6481,3,11,,
C,C_T20,True,20000,0.05,17,,,0,577,654,1773,50,80,,0.6468,6,7,,
C,C_T20,True,20000,0.05,18,242427,"('E14', 'Wn', 242427)",28,567,352,1412,25,55,,0.6616,5,10,,
C,C_T20,True,20000,0.05,19,,,0,582,644,1700,60,90,394670,0.6447,5,8,,
C,C_T20,True,20000,0.05,20,304912,"('E08', 'Wn', 304912)",30,579,587,1793,48,78,,0.6427,3,8,,
C,C_T60,True,60000,0.0,1,242409,"('E06', 'Wn', 242409)",18447,2047,8224,11603,60,90,447171,2.9914,5,4,,
C,C_T60,True,60000,0.0,2,250093,"('E06', 'Wn', 250093)",96006,4227,46346,50910,60,90,293296,3.0,5,5,,
C,C_T60,True,60000,0.0,3,292224,"('E06', 'Wn', 292224)",90724,4161,44010,48118,60,90,338126,3.0,5,5,,
C,C_T60,True,60000,0.0,4,269753,"('B', 'Wn', 269753)",96669,4332,46805,51269,60,90,278919,3.0,5,4,,
C,C_T60,True,60000,0.0,5,377615,"('E06', 'Wn', 377615)",44884,3027,21661,25206,60,90,482231,3.0,8,6,,
C,C_T60,True,60000,0.0,6,396311,"('C', 'Wn', 396311)",14531,1901,6982,10485,60,90,803266,2.9967,7,7,,
C,C_T60,True,60000,0.0,7,248604,"('B', 'Wn', 248604)",90848,4152,43763,48259,60,90,270611,3.0,4,3,,
C,C_T60,True,60000,0.0,8,245632,"('E06', 'Wn', 245632)",8906,1677,3308,6873,60,90,411544,3.0,5,4,,
C,C_T60,True,60000,0.0,9,387719,"('E06', 'Wn', 387719)",84117,4046,40976,45055,60,90,414044,3.0,7,5,,
C,C_T60,True,60000,0.0,10,294993,"('E06', 'Wn', 294993)",72326,3845,35102,38928,60,90,538874,3.0,9,7,,
C,C_T60,True,60000,0.0,11,157750,"('D', 'Wn', 157750)",16863,1940,7337,10799,60,90,407357,3.0,3,5,,
C,C_T60,True,60000,0.0,12,460850,"('E08', 'Wn', 460850)",61353,3415,29963,33724,60,90,630748,3.0,8,7,,
C,C_T60,True,60000,0.0,13,384358,"('E05', 'Wp', 384358)",13503,1943,6235,9905,60,90,805954,3.0,11,10,,
C,C_T60,True,60000,0.0,14,262542,"('E06', 'Wn', 262542)",82176,4071,41146,45391,60,90,399445,3.0,5,5,,
C,C_T60,True,60000,0.0,15,382681,"('E08', 'Wn', 382681)",69119,3630,33827,37437,60,90,542895,3.0,8,6,,
C,C_T60,True,60000,0.0,16,363846,"('C', 'Wp', 363846)",65022,3860,35303,38960,60,90,546909,3.0,8,6,,
C,C_T60,True,60000,0.0,17,348285,"('E07', 'Wp', 348285)",72555,3769,36428,40673,60,90,509956,3.0,9,8,,
C,C_T60,True,60000,0.0,18,206700,"('E05', 'Wp', 206700)",9287,1723,3421,7122,60,90,365864,3.0,5,5,,
C,C_T60,True,60000,0.0,19,256255,"('C', 'Wp', 256255)",14245,1914,6038,9615,60,90,393840,3.0,5,5,,
C,C_T60,True,60000,0.0,20,377480,"('E05', 'Wp', 377480)",38284,2972,18416,21787,60,90,767770,3.0,13,9,,
C,C_T60,True,60000,0.05,1,,,0,1633,1101,4480,60,90,979383,0.7614,12,12,,
C,C_T60,True,60000,0.05,2,,,0,1610,966,4525,50,80,,0.6387,7,17,,
C,C_T60,True,60000,0.05,3,621093,"('E06', 'Wn', 621093)",20,1617,1312,4645,60,90,898668,1.6893,5,15,,
C,C_T60,True,60000,0.05,4,,,0,1663,972,4410,60,90,1131085,1.2201,12,10,,
C,C_T60,True,60000,0.05,5,1029628,"('E14', 'Wn', 1029628)",31,1684,1020,4305,57,87,,0.6451,8,12,,
C,C_T60,True,60000,0.05,6,,,0,1611,1233,4751,60,90,1091869,1.8295,7,11,,
C,C_T60,True,60000,0.05,7,1128761,"('E16', 'Wn', 1128761)",11,1649,1082,4574,60,90,937220,0.7017,4,11,,
C,C_T60,True,60000,0.05,8,565185,"('E06', 'Wn', 565185)",71,1632,1067,4603,60,90,1068346,1.4389,5,11,,
C,C_T60,True,60000,0.05,9,,,0,1691,887,4107,45,75,,0.6495,7,14,,
C,C_T60,True,60000,0.05,10,749691,"('E06', 'Wn', 749691)",68,1630,1179,4639,60,90,1186077,0.6669,10,14,,
C,C_T60,True,60000,0.05,11,1189196,"('D', 'Wn', 1189196)",3,1741,896,4203,60,90,1110130,1.4319,3,12,,
C,C_T60,True,60000,0.05,12,1090451,"('E14', 'Wn', 1090451)",7,1628,1386,4910,60,90,777590,1.002,8,9,,
C,C_T60,True,60000,0.05,13,,,0,1652,869,4378,49,79,,0.6583,12,12,,
C,C_T60,True,60000,0.05,14,,,0,1682,1155,4409,60,90,1099455,1.1094,12,12,,
C,C_T60,True,60000,0.05,15,482182,"('E10', 'Wn', 482182)",148,1669,1324,4742,60,90,1029639,1.0961,8,13,,
C,C_T60,True,60000,0.05,16,548746,"('E08', 'Wn', 548746)",78,1699,1134,4326,60,90,1160597,0.9425,9,10,,
C,C_T60,True,60000,0.05,17,,,0,1591,1204,4650,60,90,1067415,1.2826,14,10,,
C,C_T60,True,60000,0.05,18,,,0,1666,932,4381,60,90,1140568,1.5579,14,11,,
C,C_T60,True,60000,0.05,19,463436,"('E08', 'Wn', 463436)",94,1623,940,4406,33,63,,0.6465,6,15,,
C,C_T60,True,60000,0.05,20,,,0,1665,1459,4621,60,90,814750,1.7628,7,10,,
S,S_F,False,,0.0,1,201265,"('B', 'Wn', 4)",10303,908,5701,6347,0,30,,0.0,,,0.0,0.0
S,S_F,False,,0.0,2,202374,"('B', 'Wn', 4)",10011,917,5630,6162,0,30,,0.0,,,0.0,0.0
S,S_F,False,,0.0,3,202259,"('B', 'Wn', 4)",10665,948,5929,6478,0,30,,0.0,,,0.0,0.0
S,S_F,False,,0.0,4,201996,"('B', 'Wn', 4)",10304,922,5802,6309,0,30,,0.0,,,0.0,0.0
S,S_F,False,,0.0,5,201377,"('B', 'Wn', 4)",10524,910,5830,6482,0,30,,0.0,,,0.0,0.0
S,S_F,False,,0.0,6,202393,"('B', 'Wn', 4)",10338,955,5816,6290,0,30,,0.0,,,0.0,0.0
S,S_F,False,,0.0,7,202858,"('B', 'Wn', 4)",10281,906,5741,6187,0,30,,0.0,,,0.0,0.0
S,S_F,False,,0.0,8,201695,"('B', 'Wn', 4)",10435,934,5843,6376,0,30,,0.0,,,0.0,0.0
S,S_F,False,,0.0,9,202368,"('B', 'Wn', 4)",10138,911,5654,6229,0,30,,0.0,,,0.0,0.0
S,S_F,False,,0.0,10,202360,"('B', 'Wn', 4)",10402,949,5820,6345,0,30,,0.0,,,0.0,0.0
S,S_F,False,,0.0,11,203736,"('B', 'Wn', 4)",10536,918,5873,6395,0,30,,0.0,,,0.0,0.0
S,S_F,False,,0.0,12,202273,"('B', 'Wn', 4)",10718,926,5944,6527,0,30,,0.0,,,0.0,0.0
S,S_F,False,,0.0,13,201879,"('B', 'Wn', 4)",10484,954,5822,6379,0,30,,0.0,,,0.0,0.0
S,S_F,False,,0.0,14,203893,"('B', 'Wn', 4)",10699,924,5881,6479,0,30,,0.0,,,0.0,0.0
S,S_F,False,,0.0,15,202830,"('B', 'Wn', 4)",10436,955,5809,6307,0,30,,0.0,,,0.0,0.0
S,S_F,False,,0.0,16,201380,"('B', 'Wn', 4)",10320,918,5789,6342,0,30,,0.0,,,0.0,0.0
S,S_F,False,,0.0,17,202195,"('B', 'Wn', 4)",10489,916,5797,6432,0,30,,0.0,,,0.0,0.0
S,S_F,False,,0.0,18,200593,"('B', 'Wn', 4)",10458,932,5833,6494,0,30,,0.0,,,0.0,0.0
S,S_F,False,,0.0,19,201362,"('B', 'Wn', 4)",10390,877,5805,6396,0,30,,0.0,,,0.0,0.0
S,S_F,False,,0.0,20,202735,"('B', 'Wn', 4)",10252,934,5707,6264,0,30,,0.0,,,0.0,0.0
S,S_F,False,,0.05,1,,,0,525,376,1171,0,30,,0.0,,,1.0,-2.9815
S,S_F,False,,0.05,2,,,0,530,387,1226,0,30,,0.0,,,1.0,-2.9921
S,S_F,False,,0.05,3,,,0,519,369,1191,0,30,,0.0,,,1.0,-2.9674
S,S_F,False,,0.05,4,,,0,528,383,1247,0,30,,0.0,,,1.0,-2.9369
S,S_F,False,,0.05,5,,,0,505,397,1245,0,30,,0.0,,,1.0,-2.9754
S,S_F,False,,0.05,6,,,0,532,391,1174,0,30,,0.0,,,1.0,-2.9754
S,S_F,False,,0.05,7,,,0,527,362,1219,0,30,,0.0,,,1.0,-2.9776
S,S_F,False,,0.05,8,,,0,521,385,1240,0,30,,0.0,,,1.0,-2.9797
S,S_F,False,,0.05,9,,,0,533,387,1205,0,30,,0.0,,,1.0,-2.9847
S,S_F,False,,0.05,10,,,0,515,378,1236,0,30,,0.0,,,1.0,-2.9815
S,S_F,False,,0.05,11,,,0,489,390,1246,0,30,,0.0,,,1.0,-2.9797
S,S_F,False,,0.05,12,,,0,503,370,1235,0,30,,0.0,,,1.0,-2.9861
S,S_F,False,,0.05,13,,,0,536,396,1252,0,30,,0.0,,,1.0,-2.9861
S,S_F,False,,0.05,14,,,0,542,381,1168,0,30,,0.0,,,1.0,-2.9307
S,S_F,False,,0.05,15,,,0,562,391,1118,0,30,,0.0,,,1.0,-2.9832
S,S_F,False,,0.05,16,,,0,512,368,1172,0,30,,0.0,,,1.0,-2.9642
S,S_F,False,,0.05,17,,,0,504,389,1286,0,30,,0.0,,,1.0,-2.9884
S,S_F,False,,0.05,18,,,0,521,381,1244,0,30,,0.0,,,1.0,-2.9754
S,S_F,False,,0.05,19,,,0,473,375,1294,0,30,,0.0,,,1.0,-2.9776
S,S_F,False,,0.05,20,,,0,555,365,1157,0,30,,0.0,,,1.0,-2.9754
S,S_T,True,,0.0,1,202823,"('B', 'Wn', 4)",10594,983,6070,6619,60,90,,3.0,,,0.0,0.0
S,S_T,True,,0.0,2,202408,"('B', 'Wn', 4)",11040,979,6359,6862,60,90,,3.0,,,0.0,0.0
S,S_T,True,,0.0,3,102492,"('A', 'Wp', 2)",19777,1124,9917,10423,60,90,,3.0,,,0.0,0.0
S,S_T,True,,0.0,4,201996,"('B', 'Wn', 4)",10304,922,5802,6309,60,90,,3.0,,,0.0,0.0
S,S_T,True,,0.0,5,201377,"('B', 'Wn', 4)",10524,910,5830,6482,60,90,,3.0,,,0.0,0.0
S,S_T,True,,0.0,6,105047,"('A', 'Wp', 2)",16216,1143,9413,9760,60,90,,3.0,,,0.0,0.0
S,S_T,True,,0.0,7,202858,"('B', 'Wn', 4)",10281,906,5741,6187,60,90,,3.0,,,0.0,0.0
S,S_T,True,,0.0,8,152492,"('A', 'Wn', 3)",14902,983,7807,8496,60,90,,3.0,,,0.0,0.0
S,S_T,True,,0.0,9,202368,"('B', 'Wn', 4)",10138,911,5654,6229,60,90,,3.0,,,0.0,0.0
S,S_T,True,,0.0,10,202523,"('B', 'Wn', 4)",11585,960,6773,7512,60,90,,3.0,,,0.0,0.0
S,S_T,True,,0.0,11,203736,"('B', 'Wn', 4)",10536,918,5873,6395,60,90,,3.0,,,0.0,0.0
S,S_T,True,,0.0,12,202273,"('B', 'Wn', 4)",10718,926,5944,6527,60,90,,3.0,,,0.0,0.0
S,S_T,True,,0.0,13,200686,"('B', 'Wn', 4)",10405,907,5774,6458,60,90,,3.0,,,0.0,0.0
S,S_T,True,,0.0,14,202762,"('B', 'Wn', 4)",11159,1008,6539,6986,60,90,,3.0,,,0.0,0.0
S,S_T,True,,0.0,15,202830,"('B', 'Wn', 4)",10436,955,5809,6307,60,90,,3.0,,,0.0,0.0
S,S_T,True,,0.0,16,200643,"('B', 'Wn', 4)",10991,942,6253,6875,60,90,,3.0,,,0.0,0.0
S,S_T,True,,0.0,17,201190,"('B', 'Wn', 4)",11073,929,6450,7097,60,90,,3.0,,,0.0,0.0
S,S_T,True,,0.0,18,154371,"('A', 'Wn', 3)",13642,1004,7057,7569,60,90,,3.0,,,0.0,0.0
S,S_T,True,,0.0,19,152175,"('A', 'Wn', 3)",15380,1003,7852,8352,60,90,,3.0,,,0.0,0.0
S,S_T,True,,0.0,20,202735,"('B', 'Wn', 4)",10252,934,5707,6264,60,90,,3.0,,,0.0,0.0
S,S_T,True,,0.05,1,,,0,550,403,1151,29,59,,0.626,,,1.0,-2.9873
S,S_T,True,,0.05,2,,,0,534,375,1135,27,57,,0.6255,,,1.0,-2.9776
S,S_T,True,,0.05,3,,,0,508,403,1306,25,55,,0.6297,,,1.0,-2.9847
S,S_T,True,,0.05,4,,,0,528,383,1247,24,54,,0.6323,,,1.0,-2.9369
S,S_T,True,,0.05,5,,,0,505,397,1245,24,54,,0.6277,,,1.0,-2.9754
S,S_T,True,,0.05,6,,,0,515,416,1284,27,57,,0.6395,,,1.0,-2.9832
S,S_T,True,,0.05,7,,,0,527,362,1219,27,57,,0.642,,,1.0,-2.9776
S,S_T,True,,0.05,8,,,0,506,390,1234,32,62,,0.6259,,,1.0,-2.9832
S,S_T,True,,0.05,9,,,0,533,387,1205,24,54,,0.6338,,,1.0,-2.9847
S,S_T,True,,0.05,10,,,0,530,372,1171,27,57,,0.6193,,,1.0,-2.9873
S,S_T,True,,0.05,11,,,0,489,390,1246,27,57,,0.6404,,,1.0,-2.9797
S,S_T,True,,0.05,12,,,0,503,370,1235,24,54,,0.6339,,,1.0,-2.9861
S,S_T,True,,0.05,13,,,0,527,376,1305,25,55,,0.6378,,,1.0,-2.973
S,S_T,True,,0.05,14,,,0,545,379,1117,32,62,,0.627,,,1.0,-2.9776
S,S_T,True,,0.05,15,,,0,562,391,1118,33,63,,0.6474,,,1.0,-2.9832
S,S_T,True,,0.05,16,,,0,498,372,1229,26,56,,0.6323,,,1.0,-2.9776
S,S_T,True,,0.05,17,,,0,501,390,1294,26,56,,0.6384,,,1.0,-2.9861
S,S_T,True,,0.05,18,,,0,505,367,1238,25,55,,0.6304,,,1.0,-2.9776
S,S_T,True,,0.05,19,,,0,536,382,1218,25,55,,0.6325,,,1.0,-2.9754
S,S_T,True,,0.05,20,,,0,555,365,1157,24,54,,0.6474,,,1.0,-2.9754
